packets_per_second,bytes_per_second,packet_size_mean,src_ip_entropy,dst_ip_entropy,delta_src_ip_entropy,delta_dst_ip_entropy,TTL_entropy,tcp_src_port_entropy,tcp_dst_port_entropy,udp_src_port_entropy,udp_dst_port_entropy,packet_size_entropy,sip_dip_entropy,sip_dport_entropy,dport_dip_entropy,deviation
59.17,66793.89,1128.78,3.39,1.64,3.42,1.87,3.52,4.11,3.66,2.81,2.81,2.4,2.05,0.46,1.64,0.0122
52.61,59161.99,1124.47,3.43,1.46,3.16,3.07,3.35,4.87,4.34,2.13,2.13,1.89,2.28,0.52,1.95,0.046
57.1,60154.39,1053.56,3.38,1.45,3.15,2.81,3.24,5.46,3.8,2.32,2.32,2.28,2.19,0.7,1.74,0.0283
58.13,66097.3,1137.11,3.24,1.71,2.95,2.65,3.24,3.81,3.72,2.58,2.58,2.18,1.8,0.26,1.7,0.0072
36.75,38732.34,1053.97,3.29,1.81,2.84,1.98,3.07,4.18,4.26,1.0,1.0,2.25,1.81,0.27,1.82,0.074
50.01,49841.56,996.57,3.44,1.99,3.2,2.57,3.28,3.8,5.19,2.0,2.0,2.56,1.93,0.26,2.4,0.057
62.44,71388.59,1143.34,3.36,1.44,3.3,2.27,3.57,4.3,3.91,2.0,2.0,2.15,2.19,0.35,1.81,0.01
60.27,69903.15,1159.91,3.23,1.74,3.46,2.66,3.06,3.94,3.75,2.0,2.0,2.24,1.85,0.23,1.54,0.0112
63.37,74883.97,1181.63,3.24,1.49,3.52,2.41,2.98,3.44,2.52,2.25,2.25,2.25,1.94,0.63,1.04,0.0067
53.9,52824.49,980.1,3.38,2.0,3.43,2.22,2.06,4.13,3.49,1.0,1.0,2.67,1.74,0.67,1.35,0.0272
55.52,55398.85,997.82,3.3,2.09,3.59,3.35,2.6,3.78,3.91,1.0,1.0,2.69,1.61,0.41,1.56,0.0281
55.56,51873.28,933.68,3.51,1.93,3.31,3.06,3.08,5.47,4.33,1.58,1.58,2.73,2.02,0.66,1.93,0.0645
77.59,73092.97,942.1,3.59,1.9,3.49,2.15,3.41,5.92,5.17,1.0,1.0,2.72,2.17,0.52,2.5,0.0312
89.23,84975.42,952.32,3.39,1.93,3.29,2.58,3.39,6.12,5.31,2.95,2.95,2.62,2.0,0.54,2.56,0.031
73.26,69678.86,951.09,3.43,1.68,3.27,2.41,3.1,6.12,4.18,2.75,2.75,2.61,2.09,0.84,1.96,0.047
91.3,85615.23,937.76,3.43,1.79,3.62,2.19,3.48,6.26,5.03,2.75,2.75,2.61,2.08,0.57,2.59,0.0304
51.06,58811.41,1151.74,3.34,1.54,3.12,1.87,3.61,3.82,3.58,2.81,2.81,2.26,2.07,0.31,1.6,0.045
54.17,61186.42,1129.63,3.44,1.44,3.41,3.09,3.34,4.87,4.34,2.13,2.13,1.87,2.3,0.52,1.98,0.0184
70.71,75584.49,1068.99,3.41,1.41,3.43,2.32,3.31,5.56,3.8,2.32,2.32,2.29,2.24,0.78,1.78,0.3745
92.19,105326.47,1142.55,3.19,1.56,3.35,1.47,3.17,3.71,3.06,2.58,2.58,2.17,1.86,0.51,1.39,0.0411
50.27,53638.91,1066.93,3.11,2.0,2.66,1.26,2.37,2.77,2.22,0.0,0.0,2.3,1.49,0.43,0.12,0.1653
70.63,77331.3,1094.92,3.47,1.56,3.44,1.51,3.44,5.25,4.48,2.52,2.52,2.28,2.24,0.57,2.16,0.0592
35.9,37424.18,1042.44,3.54,1.62,3.18,1.53,3.01,4.39,3.4,1.58,1.58,2.36,2.19,0.72,1.26,0.4958
72.46,75202.17,1037.86,3.46,1.68,3.34,1.95,3.16,5.26,4.06,2.32,2.32,2.52,2.09,0.7,1.89,0.0768
46.57,53566.98,1150.35,3.3,1.65,3.39,1.77,3.24,3.83,3.2,2.58,2.58,2.25,1.92,0.54,1.41,0.1257
34.95,37779.84,1080.89,3.29,1.81,2.81,2.43,3.09,3.77,4.52,0.0,0.0,2.19,1.89,0.16,1.6,0.0355
46.68,48521.15,1039.53,3.51,1.71,3.51,2.3,3.43,4.44,4.76,0.0,0.0,2.28,2.12,0.49,2.07,0.0515
58.1,61033.67,1050.49,3.4,1.63,3.43,2.64,3.21,4.97,4.57,1.58,1.58,2.3,2.15,0.36,2.19,0.0216
51.08,59561.59,1166.11,3.24,1.61,3.44,2.46,3.17,3.57,3.07,2.0,2.0,2.38,1.9,0.38,1.24,0.0411
57.02,64846.32,1137.24,3.32,1.52,3.43,2.56,3.08,3.81,2.73,1.92,1.92,2.27,1.99,0.74,1.12,0.0046
49.6,50297.98,1014.17,3.24,1.97,3.59,2.09,2.5,3.61,3.29,1.58,1.58,2.8,1.59,0.54,1.32,0.0483
55.37,51442.91,929.04,3.38,2.19,3.51,2.99,2.63,4.14,3.99,1.5,1.5,2.69,1.65,0.51,1.59,0.0639
64.96,64341.29,990.5,3.49,1.87,3.48,2.51,2.88,4.76,3.57,2.32,2.32,2.78,1.94,0.75,1.54,0.0618
57.27,50390.21,879.81,3.54,1.88,3.34,2.27,3.2,5.47,4.32,2.32,2.32,2.73,2.04,0.6,2.0,0.0424
60.95,54522.37,894.6,3.46,1.94,3.46,2.68,3.3,6.0,5.91,1.58,1.58,2.71,2.12,0.26,3.04,0.1007
81.99,76828.13,937.06,3.42,1.95,3.1,2.35,3.03,5.27,3.88,2.25,2.25,2.72,1.88,0.75,1.66,0.0288
81.44,84240.26,1034.39,3.36,1.64,3.31,2.02,3.07,5.48,4.37,2.0,2.0,2.54,2.05,0.69,2.02,0.0285
89.13,85502.56,959.35,3.4,1.95,3.54,3.04,3.09,5.54,4.78,2.0,2.0,2.56,1.88,0.56,2.29,0.016
91.23,89894.25,985.31,3.55,1.69,3.18,1.75,2.93,4.95,3.36,0.0,0.0,2.57,2.19,0.89,1.17,0.0351
57.22,60736.42,1061.42,3.48,1.6,3.49,1.47,3.47,5.28,4.54,2.0,2.0,2.33,2.22,0.54,2.14,0.0518
54.69,57118.62,1044.48,3.55,1.64,3.5,3.53,3.3,5.07,4.01,2.32,2.32,2.2,2.24,0.71,1.66,0.0142
56.25,58250.17,1035.55,3.42,1.61,3.39,2.82,2.93,5.06,3.82,2.0,2.0,2.54,2.06,0.72,1.77,0.0119
49.44,57282.06,1158.65,3.15,1.56,3.54,2.62,3.15,3.67,3.08,2.32,2.32,2.18,1.82,0.49,1.34,0.0419
57.78,56824.2,983.4,3.42,1.89,3.2,2.71,3.31,4.72,5.23,1.0,1.0,2.44,1.95,0.41,2.41,0.0118
57.56,62818.28,1091.39,3.5,1.46,3.31,2.9,3.68,5.11,4.18,1.58,1.58,2.32,2.31,0.66,1.93,0.0095
56.66,62936.33,1110.79,3.31,1.74,2.97,2.5,2.9,4.08,3.75,1.58,1.58,2.2,1.9,0.35,1.56,0.0332
43.9,53337.04,1215.07,3.16,1.54,3.42,2.01,3.11,3.1,2.37,2.0,2.0,2.21,1.85,0.5,0.93,0.0471
59.27,66745.41,1126.1,3.15,1.75,3.19,2.36,2.7,3.28,2.68,2.0,2.0,2.3,1.66,0.55,0.96,0.0322
53.7,57493.64,1070.7,2.7,1.57,3.45,1.68,1.98,2.99,1.71,2.0,2.0,2.42,1.35,0.67,0.59,0.0208
64.03,65807.87,1027.78,3.26,1.9,3.77,2.41,2.53,3.95,3.25,1.58,1.58,2.58,1.7,0.58,1.32,0.0114
66.81,57143.65,855.28,3.3,1.84,2.84,2.27,3.24,6.46,5.1,1.58,1.58,2.52,1.98,0.46,2.52,0.0675
82.66,86018.65,1040.62,3.37,1.73,3.39,2.24,3.55,5.81,5.3,3.0,3.0,2.4,2.13,0.44,2.65,0.0637
77.05,79617.78,1033.29,3.25,1.43,3.43,3.32,3.75,5.86,5.1,2.32,2.32,2.54,2.19,0.47,2.85,0.0802
74.35,71766.25,965.29,3.34,1.96,3.53,2.51,3.07,5.71,5.11,2.58,2.58,2.55,1.89,0.49,2.5,0.05
96.76,91244.6,942.98,3.52,1.91,3.26,2.74,3.38,5.65,5.01,2.0,2.0,2.78,2.07,0.55,2.49,0.0194
55.39,58876.58,1062.85,3.48,1.61,3.47,2.16,3.46,5.16,4.46,1.92,1.92,2.32,2.21,0.53,2.08,0.0215
57.54,60613.02,1053.44,3.54,1.63,3.61,3.62,3.31,5.11,3.98,2.25,2.25,2.17,2.23,0.72,1.66,0.009
57.08,58899.83,1031.93,3.43,1.64,3.43,2.92,2.92,5.12,3.84,2.0,2.0,2.54,2.06,0.73,1.74,0.0236
37.94,44973.4,1185.24,3.08,1.54,3.51,1.93,3.14,3.43,2.97,2.0,2.0,2.01,1.78,0.41,1.22,0.0564
35.5,37121.04,1045.8,3.25,1.81,3.01,2.56,3.08,4.24,4.43,0.0,0.0,2.27,1.79,0.23,1.87,0.015
42.36,43257.06,1021.16,3.35,1.97,3.05,2.83,3.29,3.41,5.05,1.58,1.58,2.49,1.85,0.07,2.26,0.0321
44.44,51864.15,1166.96,3.2,1.29,2.83,2.37,3.77,4.2,3.92,0.0,0.0,1.92,2.14,0.27,1.65,0.0586
54.78,60120.82,1097.51,3.31,1.79,3.22,2.53,2.88,4.15,3.85,1.58,1.58,2.2,1.88,0.36,1.57,0.0977
56.45,69658.72,1233.95,3.13,1.43,3.48,2.55,3.21,2.96,2.1,2.58,2.58,2.2,1.88,0.55,0.94,0.0549
52.29,57821.55,1105.69,3.27,1.67,3.47,2.19,3.17,3.73,3.16,2.0,2.0,2.43,1.81,0.56,1.33,0.0453
63.57,62006.82,975.35,3.22,1.94,3.35,2.59,2.4,4.32,3.17,2.58,2.58,2.7,1.64,0.63,1.32,0.0087
76.61,73509.15,959.48,3.61,2.01,3.53,2.56,3.0,5.45,4.04,2.0,2.0,2.8,2.05,0.84,1.7,0.0708
81.4,75482.22,927.34,3.43,2.0,3.48,2.33,3.59,6.15,6.17,1.58,1.58,2.39,2.07,0.28,3.11,0.0429
97.94,98814.54,1008.92,3.4,1.83,3.55,2.86,3.25,5.66,4.62,2.32,2.32,2.56,2.02,0.66,2.05,0.0191
88.37,84957.54,961.39,3.33,1.99,3.18,2.21,2.98,4.98,4.21,3.46,3.46,2.78,1.79,0.53,2.11,0.0456
88.95,79043.19,888.63,3.2,1.76,3.0,1.89,3.53,5.06,5.01,2.0,2.0,2.43,1.94,0.2,2.23,0.0437
3.55,2623.79,739.43,1.66,2.13,1.66,2.13,1.15,1.58,1.58,0.0,0.0,1.56,0.68,0.0,0.0,4.0
47.12,54853.2,1164.17,3.35,1.48,3.35,1.41,3.69,3.75,3.5,2.52,2.52,2.2,2.12,0.33,1.61,0.0323
80.64,87458.53,1084.59,3.55,1.55,3.58,1.96,3.29,5.36,4.26,2.41,2.41,2.16,2.3,0.74,1.97,0.0615
54.58,57594.17,1055.15,3.19,1.83,3.23,0.94,2.83,3.47,2.92,1.58,1.58,2.55,1.74,0.41,1.04,0.0488
59.6,63560.02,1066.47,3.5,1.52,3.39,1.36,3.34,5.49,4.55,1.58,1.58,2.3,2.31,0.61,2.18,0.0126
55.03,57958.71,1053.13,3.56,1.6,3.44,3.06,3.32,4.9,3.83,2.32,2.32,2.28,2.26,0.73,1.64,0.0058
52.15,55121.99,1057.08,3.4,1.69,3.55,2.83,3.17,4.77,3.91,1.58,1.58,2.5,2.0,0.63,1.66,0.0397
54.2,62743.9,1157.56,3.23,1.62,3.38,2.75,3.19,3.68,3.18,2.58,2.58,2.2,1.84,0.5,1.4,0.0417
56.94,57404.73,1008.17,3.4,1.89,2.88,2.63,3.37,4.01,5.14,1.58,1.58,2.5,1.94,0.35,2.4,0.0118
57.64,65680.0,1139.39,3.34,1.33,3.26,2.57,3.72,4.96,3.92,1.0,1.0,2.13,2.26,0.68,1.71,0.0126
65.39,74395.33,1137.66,3.29,1.73,3.22,2.74,2.98,4.16,3.93,2.0,2.0,2.33,1.89,0.28,1.73,0.0089
63.04,75387.5,1195.88,3.24,1.47,3.55,2.72,3.04,3.33,2.46,2.32,2.32,2.2,1.95,0.58,1.0,0.0106
52.98,57237.32,1080.28,3.35,1.77,3.51,2.22,2.69,3.75,3.36,0.0,0.0,2.49,1.81,0.63,1.34,0.042
45.66,48296.32,1057.73,3.16,1.86,3.28,2.77,2.25,3.91,3.12,1.0,1.0,2.5,1.69,0.44,1.09,0.0518
47.18,44690.64,947.17,3.43,2.21,3.43,3.17,2.81,4.12,4.19,1.0,1.0,2.6,1.73,0.47,1.56,0.1378
75.43,71534.96,948.35,3.53,1.81,3.48,1.7,3.5,6.07,4.77,2.32,2.32,2.61,2.13,0.68,2.27,0.0891
88.11,81762.55,927.92,3.56,1.75,3.51,2.85,3.62,6.37,5.73,3.17,3.17,2.68,2.28,0.43,3.2,0.0469
96.58,97222.52,1006.66,3.52,1.79,3.46,2.87,3.33,5.53,4.26,2.58,2.58,2.64,2.11,0.69,1.98,0.011
47.98,45420.73,946.74,3.44,2.08,3.31,1.65,2.58,4.06,3.65,2.58,2.58,2.93,1.72,0.66,1.54,0.0586
82.16,78977.96,961.26,3.51,1.94,3.25,1.53,3.0,5.34,4.82,2.32,2.32,2.55,1.98,0.57,2.41,0.0386
60.03,67960.36,1132.2,3.23,1.7,3.21,1.71,3.28,3.32,3.12,2.58,2.58,2.4,1.81,0.38,1.28,0.032
50.96,55852.21,1096.08,3.43,1.54,3.35,2.17,3.0,5.13,4.36,1.92,1.92,2.07,2.21,0.5,1.99,0.0361
39.17,44372.3,1132.81,3.2,1.62,3.17,1.77,3.35,3.36,3.19,2.58,2.58,2.4,1.83,0.34,1.42,0.0564
48.69,52498.63,1078.25,3.44,1.54,3.47,2.29,2.94,5.16,4.4,1.92,1.92,2.15,2.22,0.49,2.07,0.0347
56.69,59208.33,1044.42,3.5,1.56,3.33,2.79,3.25,4.91,3.54,2.32,2.32,2.46,2.22,0.74,1.48,0.0053
45.15,50020.48,1107.83,3.33,1.69,3.43,1.9,3.16,4.03,3.63,0.0,0.0,2.33,1.91,0.48,1.39,0.0592
53.37,63447.3,1188.74,3.13,1.55,3.17,2.57,3.15,3.45,2.83,2.58,2.58,2.08,1.79,0.53,1.17,0.04
64.35,64297.16,999.23,3.42,1.88,3.21,2.62,3.36,4.2,5.14,2.0,2.0,2.5,1.95,0.4,2.47,0.0289
50.91,57461.9,1128.64,3.31,1.42,2.98,2.68,3.7,4.6,4.02,1.0,1.0,2.13,2.18,0.45,1.73,0.0292
47.4,53398.69,1126.59,3.24,1.75,3.32,2.49,2.94,3.83,3.69,1.0,1.0,2.2,1.82,0.27,1.4,0.0412
56.85,69481.95,1222.24,3.13,1.46,3.34,1.98,3.16,3.02,2.08,2.58,2.58,2.23,1.86,0.57,0.9,0.0552
47.74,49516.91,1037.31,3.39,1.73,3.21,2.26,2.77,4.31,3.51,1.58,1.58,2.58,1.89,0.78,1.43,0.1317
74.93,71934.58,960.08,3.29,2.2,3.29,2.73,2.67,4.36,4.21,1.58,1.58,2.7,1.6,0.46,1.72,0.0765
75.83,67873.13,895.02,3.53,1.94,3.4,3.05,3.08,5.72,4.34,2.32,2.32,2.75,2.04,0.73,2.09,0.0507
63.57,61251.66,963.51,3.57,1.94,3.54,2.66,3.32,5.61,4.96,2.32,2.32,2.5,2.15,0.49,2.37,0.0384
86.55,82427.88,952.35,3.43,1.95,3.34,2.62,3.25,5.39,4.72,2.75,2.75,2.69,1.98,0.49,2.28,0.0578
73.26,71810.99,980.16,3.43,1.87,3.44,2.49,3.08,4.76,4.32,2.73,2.73,2.77,1.86,0.6,2.19,0.0328
54.95,62494.04,1137.2,3.33,1.62,3.53,2.47,3.54,3.91,3.61,2.75,2.75,2.32,2.01,0.35,1.62,0.0062
55.79,62916.06,1127.65,3.46,1.5,3.28,3.21,3.32,4.87,4.26,2.13,2.13,1.96,2.28,0.54,1.88,0.0135
56.57,58708.92,1037.87,3.4,1.41,3.5,2.75,3.16,5.64,3.58,2.32,2.32,2.28,2.22,0.82,1.66,0.0067
55.45,64306.44,1159.68,3.21,1.57,3.06,2.46,3.3,3.73,3.29,2.58,2.58,2.09,1.9,0.39,1.52,0.0201
56.12,58900.64,1049.58,3.36,1.82,3.28,3.04,3.19,4.51,4.41,1.0,1.0,2.44,1.9,0.4,1.9,0.0102
56.81,58714.12,1033.46,3.6,1.79,3.65,3.11,3.48,4.79,4.63,1.58,1.58,2.51,2.15,0.56,2.04,0.0077
69.55,77895.16,1119.94,3.4,1.66,3.26,2.73,2.98,4.21,3.79,2.32,2.32,2.23,2.03,0.41,1.74,0.0517
50.79,60761.91,1196.41,3.22,1.55,3.53,1.76,3.11,3.32,2.52,2.0,2.0,2.29,1.9,0.51,1.02,0.149
59.04,64812.01,1097.74,3.39,1.71,3.56,2.86,3.03,3.91,3.11,2.32,2.32,2.49,1.92,0.66,1.28,0.1104
65.66,62182.55,947.06,3.13,2.02,3.2,2.57,2.18,4.34,2.91,2.32,2.32,2.77,1.5,0.68,1.09,0.0361
60.19,67280.56,1117.76,3.2,1.69,3.4,3.25,2.6,3.23,2.5,0.0,0.0,2.55,1.74,0.65,0.78,0.0486
79.93,70127.19,877.34,3.49,2.0,2.88,2.48,3.18,6.06,4.94,2.0,2.0,2.64,2.0,0.58,2.36,0.0924
86.78,88510.68,1019.96,3.42,1.8,3.2,2.79,3.05,4.69,3.55,2.0,2.0,2.77,1.99,0.7,1.55,0.0224
89.37,95718.89,1071.08,3.23,1.83,3.66,3.13,3.21,4.72,4.04,3.03,3.03,2.42,1.85,0.43,1.99,0.0114
56.06,57400.32,1023.91,3.18,1.9,3.45,1.8,2.66,3.98,3.24,1.0,1.0,2.62,1.58,0.66,1.27,0.0924
71.51,71686.64,1002.4,3.35,1.78,3.25,2.11,3.43,5.68,4.63,2.75,2.75,2.65,2.0,0.62,2.29,0.054
54.19,61086.4,1127.23,3.25,1.76,2.99,2.11,3.27,3.38,3.18,2.58,2.58,2.41,1.8,0.37,1.26,0.0292
49.24,53887.23,1094.38,3.43,1.52,3.29,2.38,2.97,5.11,4.28,1.92,1.92,2.09,2.22,0.51,1.97,0.0447
60.05,62576.48,1042.09,3.48,1.59,3.22,2.53,3.27,5.16,3.62,2.32,2.32,2.41,2.19,0.76,1.52,0.0137
40.7,45752.71,1124.23,3.2,1.73,3.37,1.75,3.25,3.67,3.75,0.0,0.0,2.2,1.75,0.17,1.49,0.0813
51.64,61661.2,1194.15,3.2,1.53,3.35,2.35,3.12,3.41,2.82,2.58,2.58,2.12,1.85,0.54,1.19,0.0498
56.74,57409.74,1011.72,3.41,1.84,3.17,2.66,3.37,4.26,5.05,1.58,1.58,2.35,1.95,0.42,2.35,0.0061
61.77,69150.25,1119.41,3.39,1.43,3.47,2.53,3.67,4.87,3.9,1.58,1.58,2.24,2.23,0.63,1.76,0.0889
71.8,82274.46,1145.96,3.26,1.74,3.31,2.89,3.06,4.13,3.97,2.0,2.0,2.23,1.87,0.24,1.72,0.0241
53.34,63459.5,1189.82,3.25,1.42,3.44,1.45,3.04,3.36,2.43,2.0,2.0,2.21,1.98,0.61,1.01,0.0739
70.62,65644.07,929.59,3.51,1.94,3.47,2.65,2.74,5.41,4.68,1.58,1.58,2.82,1.97,0.67,2.13,0.0686
68.78,70442.4,1024.21,3.0,1.92,2.82,2.3,2.21,3.31,3.1,1.0,1.0,2.57,1.41,0.42,1.24,0.0396
76.04,78526.97,1032.74,3.34,1.81,2.87,2.23,3.13,4.76,3.66,2.32,2.32,2.55,1.88,0.72,1.53,0.0748
83.78,83081.07,991.64,3.31,1.91,3.4,3.21,3.11,4.97,4.41,2.81,2.81,2.63,1.82,0.44,2.18,0.0393
77.04,75394.91,978.64,3.1,2.04,2.88,2.28,2.25,4.22,3.32,2.0,2.0,2.75,1.52,0.59,1.38,0.0601
70.82,67889.48,958.67,3.22,2.07,3.41,2.58,2.55,4.11,3.83,1.58,1.58,2.79,1.53,0.48,1.67,0.1041
77.98,80983.27,1038.46,3.24,1.9,3.25,2.58,3.08,4.38,3.82,2.32,2.32,2.42,1.75,0.45,1.66,0.0208
83.89,86536.54,1031.5,3.26,1.74,3.07,1.52,2.83,3.64,3.39,0.0,0.0,2.46,1.9,0.25,1.21,0.0591
70.1,83229.25,1187.36,3.05,1.84,2.92,1.27,2.11,1.77,1.36,0.0,0.0,2.06,1.43,0.41,0.0,0.0744
61.68,67099.31,1087.92,3.46,1.56,3.45,1.51,3.49,5.05,4.4,1.92,1.92,2.32,2.21,0.52,2.08,0.0159
64.92,69075.17,1063.98,3.52,1.59,3.54,3.55,3.35,5.09,4.03,2.32,2.32,2.19,2.23,0.72,1.75,0.0274
88.13,94919.8,1077.1,3.37,1.69,3.42,2.41,3.02,4.58,3.59,1.0,1.0,2.44,1.96,0.7,1.44,0.0105
30.63,32723.19,1068.48,3.23,1.84,3.2,1.3,2.73,3.36,2.71,0.0,0.0,2.42,1.73,0.5,0.75,0.9043
55.29,57976.28,1048.5,3.51,1.56,3.37,1.39,3.45,5.48,4.53,2.0,2.0,2.33,2.29,0.61,2.18,0.0193
59.97,62705.09,1045.68,3.55,1.62,3.5,3.49,3.28,5.11,3.98,2.32,2.32,2.22,2.24,0.73,1.7,0.0116
54.28,59111.45,1088.92,3.36,1.63,3.51,2.42,2.93,4.56,3.53,1.0,1.0,2.38,1.98,0.7,1.44,0.0071
40.31,48125.76,1193.99,3.06,1.38,3.55,1.72,3.08,3.39,2.52,2.0,2.0,2.01,1.83,0.68,1.09,0.072
48.09,48951.44,1017.98,3.4,1.79,3.32,2.7,3.25,4.81,4.83,0.0,0.0,2.3,2.0,0.47,2.04,0.0455
50.73,51021.51,1005.72,3.6,1.72,3.55,3.4,3.56,5.36,4.75,1.58,1.58,2.47,2.25,0.59,2.16,0.048
51.82,58268.31,1124.38,3.39,1.6,3.33,2.83,2.79,3.87,3.42,1.58,1.58,2.14,2.06,0.45,1.43,0.1027
45.5,50860.29,1117.77,3.35,1.7,3.6,2.62,2.91,4.02,3.54,2.0,2.0,2.54,1.97,0.37,1.52,0.0568
64.7,75116.11,1161.04,3.31,1.59,3.35,2.31,2.97,3.56,2.74,2.25,2.25,2.29,1.91,0.64,1.09,0.0651
56.06,56758.09,1012.45,3.31,1.84,3.48,1.9,2.27,4.19,2.96,0.0,0.0,2.54,1.78,0.78,1.02,0.138
71.25,72533.44,1018.05,3.53,1.94,3.61,2.38,3.11,4.58,4.12,2.0,2.0,2.57,1.99,0.63,1.69,0.085
65.04,59113.29,908.81,3.59,1.87,3.46,2.98,3.22,5.97,4.98,2.32,2.32,2.57,2.14,0.65,2.48,0.0824
74.73,71414.64,955.68,3.51,1.92,3.67,2.93,3.58,5.94,5.34,1.58,1.58,2.5,2.15,0.47,2.53,0.0685
66.14,64005.15,967.77,3.5,1.94,3.21,2.69,2.69,4.7,3.41,2.0,2.0,2.78,1.91,0.83,1.33,0.0349
61.05,54684.22,895.69,3.42,1.91,3.18,2.41,3.37,6.02,4.81,2.52,2.52,2.48,2.08,0.51,2.42,0.0935
114.56,114439.26,998.91,2.48,0.68,2.34,0.06,2.19,1.58,1.58,0.0,0.0,1.62,1.8,0.0,1.0,0.8182
61.64,68631.12,1113.48,3.37,1.64,3.37,1.64,3.58,4.46,4.22,2.75,2.75,2.35,2.06,0.34,1.95,0.0152
58.3,64733.68,1110.39,3.43,1.61,3.6,3.39,3.47,4.4,4.79,2.13,2.13,1.93,2.15,0.37,2.18,0.0049
57.19,64750.69,1132.26,3.32,1.39,3.3,3.04,3.66,4.66,3.66,1.58,1.58,2.18,2.17,0.66,1.62,0.0102
54.57,59381.65,1088.21,3.34,1.75,3.23,2.57,2.88,4.14,3.84,1.0,1.0,2.39,1.92,0.36,1.6,0.0382
60.54,73874.41,1220.25,3.2,1.4,3.49,2.11,3.16,3.06,1.93,2.32,2.32,2.22,1.95,0.69,0.78,0.0167
51.21,56490.28,1103.03,3.27,1.71,3.37,1.83,3.0,3.43,3.04,1.0,1.0,2.54,1.72,0.64,1.22,0.0479
64.88,69916.54,1077.56,3.21,1.86,3.44,2.73,2.37,3.97,3.01,1.0,1.0,2.49,1.68,0.61,1.05,0.0565
73.47,75613.46,1029.24,3.18,2.02,3.24,2.53,2.27,3.52,3.16,1.0,1.0,2.61,1.53,0.55,1.18,0.0886
74.8,68300.33,913.06,3.45,1.97,2.9,2.3,2.99,5.75,4.93,2.32,2.32,2.73,1.96,0.59,2.47,0.0774
68.06,65121.05,956.8,3.41,1.9,3.67,3.01,3.53,5.48,5.52,1.0,1.0,2.43,2.01,0.25,2.66,0.0522
58.61,60025.41,1024.11,3.42,1.7,3.27,2.07,2.62,4.35,3.03,1.0,1.0,2.79,1.98,0.84,1.19,0.0419
86.96,84997.76,977.47,3.42,1.62,3.22,1.62,3.35,6.06,4.81,2.58,2.58,2.5,2.22,0.6,2.51,0.0272
89.15,86447.38,969.74,3.55,2.0,3.38,2.44,2.82,5.11,4.37,2.81,2.81,2.71,1.92,0.64,2.09,0.011
84.26,80853.07,959.58,3.52,1.9,3.54,3.1,2.84,5.18,4.54,3.0,3.0,2.69,1.99,0.6,2.27,0.0398
90.17,87708.5,972.75,3.46,2.0,3.35,1.93,3.1,4.8,4.53,1.0,1.0,2.67,1.88,0.47,1.88,0.043
60.76,68715.84,1130.99,3.37,1.64,3.48,2.47,3.51,4.15,3.7,2.81,2.81,2.4,2.04,0.45,1.66,0.0208
52.92,59201.8,1118.72,3.46,1.51,3.32,3.2,3.34,4.83,4.3,2.13,2.13,1.96,2.28,0.53,1.92,0.0416
54.16,57234.47,1056.83,3.38,1.45,3.43,2.97,3.16,5.47,3.66,2.32,2.32,2.27,2.19,0.79,1.61,0.0324
58.1,66534.21,1145.13,3.23,1.67,2.92,2.73,3.26,3.81,3.68,2.58,2.58,2.17,1.83,0.26,1.71,0.0116
57.63,60571.18,1051.08,3.4,1.8,3.25,3.11,3.18,4.59,4.37,1.0,1.0,2.4,1.95,0.5,1.86,0.0195
90.29,97500.55,1079.84,3.54,1.59,3.55,1.93,3.62,5.29,4.62,2.58,2.58,2.45,2.26,0.56,2.32,0.0181
93.23,110047.41,1180.44,3.27,1.61,3.3,2.63,3.19,3.82,3.23,3.0,3.0,2.36,1.93,0.45,1.44,0.0504
71.07,76692.37,1079.05,3.22,1.72,3.08,1.07,2.8,3.17,2.56,0.0,0.0,2.36,1.67,0.61,0.74,0.1506
50.99,55226.48,1083.07,3.23,1.75,3.25,2.02,2.27,3.37,2.89,1.0,1.0,2.58,1.67,0.7,1.14,0.055
59.13,60495.27,1023.15,3.22,1.87,3.3,3.03,2.46,4.34,2.88,2.0,2.0,2.66,1.71,0.61,1.03,0.0093
58.16,61660.33,1060.23,3.38,1.96,3.38,2.81,3.01,3.75,4.08,2.32,2.32,2.56,1.79,0.29,1.79,0.0132
48.67,54396.69,1117.68,3.33,1.75,3.61,2.88,2.46,3.72,3.1,1.0,1.0,2.25,1.86,0.61,1.06,0.0529
57.81,65997.53,1141.54,3.39,1.56,3.39,1.82,3.21,4.66,3.5,2.32,2.32,2.2,2.07,0.64,1.46,0.0057
64.62,65057.74,1006.75,3.44,1.62,3.64,2.83,3.2,5.84,4.85,2.58,2.58,2.26,2.24,0.52,2.48,0.0245
84.09,91795.18,1091.65,3.51,1.57,3.67,2.44,3.6,5.25,4.28,2.32,2.32,2.26,2.24,0.69,2.01,0.0535
92.17,94986.48,1030.5,3.4,1.63,3.71,2.88,3.69,6.1,5.75,2.32,2.32,2.31,2.24,0.29,3.07,0.0246
54.32,61895.53,1139.46,3.27,1.69,2.4,1.18,3.41,3.62,3.44,2.58,2.58,2.34,1.89,0.34,1.43,0.0054
55.66,60824.94,1092.74,3.42,1.52,3.35,2.58,3.16,5.31,4.52,1.79,1.79,2.01,2.24,0.48,2.11,0.011
57.38,59045.56,1029.03,3.43,1.48,3.35,2.81,3.27,5.46,3.55,2.32,2.32,2.36,2.21,0.78,1.52,0.0103
48.08,52626.96,1094.62,3.23,1.83,2.97,1.97,3.21,3.91,3.92,1.58,1.58,2.25,1.73,0.18,1.71,0.0389
50.38,54670.39,1085.26,3.32,1.78,3.53,3.16,3.12,4.28,3.94,1.58,1.58,2.36,1.88,0.44,1.65,0.049
67.48,68929.81,1021.56,3.49,1.9,3.24,2.37,3.4,4.29,5.2,2.32,2.32,2.49,2.01,0.35,2.44,0.1804
71.73,81819.77,1140.71,3.34,1.54,3.05,2.75,3.16,4.1,3.67,2.0,2.0,2.17,2.07,0.4,1.7,0.1059
64.45,77004.78,1194.79,3.21,1.56,3.45,2.19,3.16,3.46,2.66,2.58,2.58,2.29,1.91,0.51,1.14,0.1597
63.18,64068.03,1014.12,3.36,1.9,3.41,2.56,2.66,3.89,3.31,2.32,2.32,2.82,1.75,0.69,1.4,0.0327
67.6,65690.7,971.7,3.45,2.05,3.42,2.73,2.62,4.15,4.12,1.58,1.58,2.7,1.78,0.57,1.74,0.0686
49.08,43795.66,892.38,3.33,1.82,2.8,2.41,3.3,6.03,5.26,2.0,2.0,2.36,2.05,0.41,2.42,0.1968
65.21,61228.25,938.96,3.65,1.79,3.59,2.38,3.36,5.73,4.73,1.0,1.0,2.6,2.22,0.72,2.21,0.0867
90.63,87578.6,966.29,3.44,2.01,3.27,2.62,3.07,5.51,4.38,2.58,2.58,2.68,1.93,0.68,1.9,0.0104
76.69,73651.39,960.37,3.41,1.76,3.5,3.03,2.78,5.51,4.76,2.32,2.32,2.77,1.97,0.66,2.29,0.0358
100.25,99419.74,991.67,3.45,1.78,3.37,2.43,3.07,5.4,4.25,3.28,3.28,2.66,2.01,0.68,2.19,0.017
56.88,61168.32,1075.43,3.21,1.8,3.16,1.3,2.78,3.36,2.77,1.0,1.0,2.44,1.75,0.45,0.86,0.0519
58.99,63598.02,1078.17,3.47,1.51,3.33,1.36,3.42,5.37,4.4,2.0,2.0,2.26,2.27,0.62,2.12,0.0191
36.36,37079.46,1019.68,3.6,1.67,3.4,2.13,3.0,4.57,3.67,2.32,2.32,2.28,2.24,0.7,1.49,0.0378
56.03,59915.1,1069.29,3.39,1.41,3.58,1.92,3.16,5.29,3.31,2.32,2.32,2.32,2.21,0.86,1.51,0.0503
88.44,101038.69,1142.41,3.28,1.65,3.33,2.28,3.31,4.15,3.74,3.0,3.0,2.22,1.9,0.45,1.78,0.0282
86.22,87603.01,1016.09,3.53,1.94,2.98,2.0,3.36,4.14,4.98,2.32,2.32,2.57,2.02,0.37,2.3,0.0736
36.93,38665.11,1046.98,3.3,1.89,3.11,1.36,2.74,3.32,2.72,0.0,0.0,2.55,1.78,0.5,0.67,0.172
52.31,55917.87,1069.0,3.42,1.52,3.36,1.42,3.07,5.2,4.41,2.25,2.25,2.18,2.22,0.48,2.15,0.0661
63.82,67186.59,1052.72,3.53,1.58,3.31,2.9,3.34,5.04,3.54,2.81,2.81,2.38,2.24,0.76,1.52,0.0399
53.08,56239.23,1059.5,3.39,1.82,3.43,1.93,3.38,4.42,4.27,1.58,1.58,2.36,1.94,0.3,1.9,0.0322
44.32,49606.63,1119.22,3.29,1.74,3.49,2.56,3.1,3.8,3.44,1.58,1.58,2.32,1.85,0.46,1.4,0.0678
55.95,57682.48,1031.0,3.33,1.83,3.08,2.41,3.33,3.56,5.09,2.32,2.32,2.52,1.9,0.28,2.44,0.0741
64.34,72848.21,1132.24,3.4,1.35,3.36,2.07,3.52,4.79,4.1,2.0,2.0,2.19,2.3,0.49,2.09,0.1309
57.97,67454.62,1163.7,3.25,1.72,3.25,2.31,3.15,3.67,3.77,2.0,2.0,2.4,1.85,0.11,1.59,0.0446
73.56,71577.95,973.05,3.5,1.79,3.5,2.54,3.13,5.43,4.62,2.32,2.32,2.72,2.05,0.69,2.19,0.063
77.21,73564.26,952.75,3.6,1.95,3.36,3.45,3.25,5.12,5.03,2.32,2.32,2.72,2.09,0.59,2.32,0.0697
72.08,68093.32,944.76,3.49,1.68,3.49,3.29,3.6,6.26,5.16,3.42,3.42,2.47,2.25,0.53,2.73,0.1106
76.41,61646.42,806.79,3.58,2.17,3.52,2.18,3.05,5.68,4.34,0.0,0.0,2.88,1.94,0.73,1.72,0.0584
34.19,36644.43,1071.68,3.34,1.67,3.46,2.08,3.32,4.42,3.8,2.32,2.32,2.5,2.06,0.38,1.66,0.4009
52.89,59581.05,1126.56,3.44,1.44,3.43,1.74,3.32,4.91,4.38,2.13,2.13,1.86,2.31,0.52,1.97,0.0481
72.66,77921.72,1072.46,3.41,1.43,3.46,2.15,3.3,5.41,3.83,2.25,2.25,2.28,2.22,0.75,1.82,0.0585
87.98,101849.47,1157.69,3.24,1.59,3.33,2.22,3.27,3.81,3.21,3.0,3.0,2.19,1.9,0.5,1.48,0.0343
57.91,66120.48,1141.71,3.37,1.68,3.33,2.67,3.49,3.92,3.52,2.58,2.58,2.39,2.01,0.45,1.46,0.0184
57.9,64596.18,1115.73,3.45,1.43,3.41,2.87,3.36,5.02,4.3,2.13,2.13,1.95,2.31,0.58,2.0,0.0147
58.84,61057.65,1037.65,3.4,1.51,3.52,2.78,3.14,5.54,3.72,2.32,2.32,2.33,2.16,0.79,1.65,0.0159
59.21,70029.89,1182.74,3.2,1.54,2.89,2.66,3.36,3.75,3.42,2.58,2.58,2.04,1.9,0.31,1.62,0.018
36.94,37647.39,1019.04,3.35,1.8,3.03,1.86,3.07,4.49,4.31,0.0,0.0,2.38,1.85,0.43,1.83,0.0454
47.03,46316.38,984.8,3.49,1.99,3.48,2.74,3.36,3.93,5.1,1.58,1.58,2.5,1.96,0.24,2.29,0.066
32.11,36350.92,1132.02,3.22,1.13,2.77,2.41,3.78,4.25,3.85,0.0,0.0,1.95,2.26,0.34,1.85,0.3427
63.63,71739.9,1127.44,3.34,1.71,3.07,2.23,2.97,4.0,3.76,1.58,1.58,2.2,1.94,0.33,1.57,0.1117
61.94,76717.65,1238.55,3.13,1.44,3.31,2.91,3.21,2.98,2.1,2.58,2.58,2.15,1.87,0.55,0.91,0.0113
58.46,63883.52,1092.83,3.11,1.82,3.3,2.25,2.53,3.03,2.66,2.0,2.0,2.56,1.52,0.57,1.03,0.124
61.16,62379.19,1019.88,3.02,1.89,3.41,2.72,2.19,3.29,2.46,2.0,2.0,2.5,1.43,0.62,0.88,0.0027
66.41,64192.69,966.62,3.58,1.9,3.1,1.93,3.03,5.29,4.17,1.0,1.0,2.81,2.05,0.73,1.82,0.0285
98.39,94730.55,962.77,3.49,1.98,3.28,2.33,3.4,5.6,5.07,3.0,3.0,2.71,1.99,0.52,2.53,0.0144
63.7,64263.88,1008.83,3.05,1.99,3.38,1.67,2.26,3.78,2.81,2.0,2.0,2.73,1.47,0.57,1.02,0.0513
77.79,76164.39,979.1,3.37,1.92,3.32,2.08,2.87,4.76,3.82,2.81,2.81,2.72,1.84,0.6,1.82,0.0735
82.83,82766.3,999.23,3.41,1.78,3.22,2.29,3.17,5.37,4.34,3.0,3.0,2.71,2.02,0.64,2.17,0.0507
36.32,41542.96,1143.8,3.22,1.58,3.2,1.58,3.31,3.05,2.76,2.58,2.58,2.32,1.85,0.43,1.17,0.0315
49.54,53827.33,1086.51,3.44,1.53,3.51,2.01,2.98,5.13,4.36,1.92,1.92,2.13,2.22,0.5,2.04,0.057
54.27,60442.78,1113.66,3.21,1.74,2.89,2.46,3.3,3.9,3.84,2.0,2.0,2.23,1.76,0.21,1.74,0.0202
57.4,62453.08,1087.97,3.33,1.76,3.42,3.13,3.2,4.36,4.05,1.58,1.58,2.31,1.88,0.46,1.77,0.0095
57.15,57936.32,1013.68,3.56,1.87,3.26,2.7,3.4,4.31,4.85,2.32,2.32,2.55,2.07,0.43,2.27,0.0142
50.63,58230.75,1150.09,3.36,1.45,3.06,2.55,3.12,3.83,3.31,2.0,2.0,2.22,2.12,0.43,1.55,0.0361
64.69,73903.05,1142.46,3.3,1.75,3.55,2.74,2.95,3.96,3.53,2.0,2.0,2.4,1.88,0.4,1.45,0.0089
61.55,66293.73,1077.02,3.46,1.79,3.5,2.95,3.13,4.31,3.46,1.5,1.5,2.48,1.94,0.76,1.36,0.0063
66.84,60646.9,907.28,3.38,1.95,3.38,3.56,2.69,5.47,3.86,1.92,1.92,2.7,1.84,0.67,1.62,0.032
67.55,66828.05,989.29,3.39,1.85,3.24,3.46,2.97,4.77,3.64,2.52,2.52,2.72,1.89,0.73,1.61,0.1113
66.35,54550.61,822.19,3.5,1.97,3.31,2.94,2.82,5.84,4.31,2.81,2.81,2.9,1.98,0.69,2.03,0.0563
72.46,72895.37,1005.98,3.4,1.96,3.14,2.82,3.29,5.1,4.84,2.58,2.58,2.69,1.97,0.28,2.31,0.0871
81.16,84612.07,1042.51,3.22,1.86,3.22,2.38,3.03,4.48,3.67,2.32,2.32,2.58,1.76,0.55,1.62,0.0433
92.99,95422.48,1026.11,3.26,1.8,3.28,2.72,2.91,4.57,3.83,2.81,2.81,2.68,1.75,0.63,1.79,0.0252
88.28,90406.41,1024.08,3.36,1.7,3.56,3.07,3.25,4.95,3.91,2.5,2.5,2.64,1.99,0.66,1.96,0.0142
80.79,81970.42,1014.59,3.32,1.77,3.21,1.4,2.53,3.79,3.03,2.0,2.0,2.55,1.87,0.57,1.12,0.0322
57.13,61524.35,1077.0,3.28,1.83,2.98,1.87,2.64,3.37,2.65,0.0,0.0,2.36,1.8,0.54,0.65,0.0526
58.69,62216.7,1060.03,3.52,1.6,3.47,1.52,3.44,5.28,4.44,2.0,2.0,2.34,2.25,0.61,2.08,0.0243
59.5,62358.25,1048.07,3.55,1.63,3.54,3.55,3.26,5.05,3.96,2.58,2.58,2.25,2.24,0.72,1.75,0.0213
55.87,60594.52,1084.62,3.37,1.64,3.48,2.62,3.06,4.58,3.67,1.0,1.0,2.41,1.99,0.67,1.5,0.0107
59.44,70682.68,1189.17,3.21,1.53,3.46,3.04,3.21,3.59,3.07,2.32,2.32,2.16,1.87,0.53,1.31,0.0137
54.35,53894.91,991.64,3.43,1.99,3.06,2.51,3.26,3.94,5.11,1.58,1.58,2.5,1.91,0.33,2.29,0.0423
60.1,68658.93,1142.39,3.37,1.41,3.13,2.45,3.64,4.52,3.93,1.58,1.58,2.16,2.23,0.46,1.78,0.0176
63.1,71898.68,1139.45,3.25,1.78,3.52,2.89,3.02,4.02,3.9,2.0,2.0,2.3,1.83,0.22,1.65,0.0061
62.51,74479.75,1191.49,3.25,1.45,3.58,2.69,3.05,3.42,2.48,2.25,2.25,2.18,1.97,0.64,1.07,0.0093
60.9,53645.67,880.9,3.48,1.97,3.14,2.69,2.57,5.48,4.59,1.58,1.58,2.89,1.92,0.69,2.05,0.0389
55.11,52403.97,950.92,3.56,1.9,3.52,3.11,3.25,4.91,4.93,2.0,2.0,2.62,2.1,0.54,2.28,0.0639
60.43,58866.99,974.09,3.42,1.71,3.35,2.87,3.49,6.25,5.04,2.0,2.0,2.37,2.15,0.59,2.4,0.0508
75.44,68554.6,908.74,3.48,1.74,3.57,2.4,3.61,6.37,5.55,2.32,2.32,2.53,2.21,0.48,2.83,0.0454
98.18,96819.24,986.13,3.42,1.8,3.35,2.45,3.3,5.94,4.94,2.81,2.81,2.6,2.05,0.65,2.26,0.0163
96.08,92043.91,958.04,3.52,1.68,3.54,3.48,3.41,6.27,5.12,3.55,3.55,2.76,2.21,0.65,2.82,0.0178
88.73,84276.98,949.84,3.49,1.82,3.52,2.86,3.45,6.36,5.46,2.5,2.5,2.46,2.15,0.55,2.84,0.058
59.51,60461.05,1015.95,3.19,2.03,3.18,2.05,2.56,3.4,2.79,0.0,0.0,2.38,1.61,0.41,0.5,0.0925
47.5,49041.26,1032.55,3.5,1.72,3.53,1.62,3.4,5.12,4.5,2.0,2.0,2.41,2.17,0.52,2.0,0.0435
34.27,36352.27,1060.67,3.45,1.77,3.4,2.36,3.25,4.38,4.21,1.5,1.5,1.96,2.08,0.44,1.6,0.0129
43.49,43838.25,1008.03,3.38,1.81,3.09,2.8,3.14,4.57,4.3,1.0,1.0,2.49,1.89,0.45,1.88,0.0992
39.7,38154.75,961.1,3.5,1.92,3.39,2.78,3.36,3.78,5.01,1.58,1.58,2.58,1.99,0.25,2.35,0.0913
49.84,56458.22,1132.73,3.36,1.37,3.44,2.29,3.61,4.31,3.79,1.58,1.58,2.18,2.24,0.43,1.73,0.0436
57.7,64897.07,1124.83,3.28,1.76,3.48,2.9,3.03,4.08,3.95,1.58,1.58,2.28,1.87,0.23,1.62,0.0288
63.69,76851.37,1206.73,3.21,1.42,3.4,2.51,3.12,3.33,2.5,2.25,2.25,2.17,1.96,0.55,1.09,0.0069
66.35,70767.13,1066.65,3.32,1.82,3.53,2.69,2.63,3.82,3.34,1.0,1.0,2.71,1.75,0.65,1.4,0.0048
56.81,57562.93,1013.24,3.3,1.93,3.66,2.43,2.64,4.05,3.12,1.5,1.5,2.68,1.73,0.61,1.17,0.0252
53.07,49923.91,940.76,3.57,1.76,2.96,2.1,3.27,5.4,4.18,2.32,2.32,2.92,2.15,0.72,1.96,0.0803
53.14,48397.34,910.78,3.51,1.76,3.44,2.9,3.5,5.73,5.13,2.32,2.32,2.54,2.16,0.45,2.51,0.0349
91.39,90028.01,985.07,3.47,1.74,3.27,1.93,3.54,6.32,5.28,2.75,2.75,2.6,2.16,0.6,2.71,0.0311
88.93,88718.2,997.59,3.32,1.63,3.52,3.42,3.58,6.32,4.97,3.58,3.58,2.36,2.13,0.57,2.66,0.0387
101.56,96267.64,947.89,3.54,1.85,3.34,2.61,3.05,5.53,4.98,2.58,2.58,2.69,2.0,0.64,2.68,0.0215
104.62,102908.64,983.63,3.52,1.51,3.48,1.93,3.34,5.41,3.99,2.0,2.0,2.64,2.31,0.69,2.05,0.0239
59.66,66245.21,1110.4,3.37,1.69,3.37,1.69,3.51,4.26,3.94,2.81,2.81,2.45,2.02,0.4,1.78,0.0087
58.49,65569.04,1121.09,3.45,1.46,3.41,3.32,3.29,4.93,4.09,2.13,2.13,1.95,2.28,0.66,1.84,0.0138
60.97,65091.69,1067.57,3.41,1.43,3.54,2.93,3.24,5.45,3.66,2.32,2.32,2.32,2.23,0.8,1.68,0.017
48.15,55837.17,1159.55,3.19,1.56,3.16,1.89,3.3,3.66,3.25,2.32,2.32,2.07,1.88,0.36,1.47,0.0444
59.5,60859.59,1022.84,3.4,1.87,3.46,2.77,3.14,4.78,4.72,1.58,1.58,2.47,1.93,0.47,2.1,0.0151
62.29,64749.34,1039.49,3.57,1.63,3.51,2.89,3.66,5.22,4.61,1.58,1.58,2.48,2.24,0.58,2.12,0.0404
59.22,66168.38,1117.41,3.37,1.71,3.1,2.58,2.94,4.13,3.74,2.0,2.0,2.16,1.99,0.38,1.62,0.014
56.49,69505.92,1230.43,3.13,1.46,3.35,3.24,3.22,3.02,2.16,2.32,2.32,2.18,1.86,0.55,0.91,0.0509
53.75,57040.47,1061.28,3.41,1.76,3.58,2.73,3.14,4.17,3.45,2.32,2.32,2.51,1.91,0.65,1.46,0.0288
62.14,55239.02,888.95,3.36,1.96,3.1,3.08,2.68,5.98,4.12,2.25,2.25,2.49,1.88,0.6,1.7,0.0113
58.36,57201.21,980.22,3.36,1.76,3.32,2.98,3.34,5.83,4.44,1.58,1.58,2.48,2.04,0.74,1.74,0.0266
65.39,53024.83,810.85,3.38,1.88,3.57,3.32,3.11,6.55,5.26,2.58,2.58,2.63,2.01,0.43,2.66,0.0271
98.59,96155.37,975.31,3.57,1.81,3.51,2.0,3.48,6.05,5.27,2.58,2.58,2.54,2.21,0.56,2.74,0.0173
94.26,92900.44,985.59,3.44,1.75,3.76,3.3,3.48,6.28,4.78,3.0,3.0,2.52,2.14,0.69,2.31,0.0335
61.6,54551.07,885.52,3.48,2.02,3.51,1.74,2.95,5.22,4.66,1.92,1.92,2.81,1.84,0.56,2.26,0.0537
90.49,84419.44,932.92,3.44,1.92,3.42,2.3,3.29,5.6,4.85,2.32,2.32,2.71,1.99,0.54,2.45,0.0368
48.55,55178.78,1136.47,3.28,1.63,3.2,2.18,3.53,3.79,3.82,2.58,2.58,2.36,1.97,0.16,1.72,0.0696
60.52,67122.57,1109.17,3.45,1.41,3.54,2.37,3.34,5.15,4.54,2.13,2.13,1.97,2.34,0.53,2.2,0.0097
38.05,41220.15,1083.42,3.36,1.46,3.46,1.26,3.38,4.74,3.58,2.0,2.0,2.21,2.17,0.63,1.46,0.0909
70.04,79659.7,1137.34,3.29,1.67,3.17,1.98,3.3,4.05,3.74,2.58,2.58,2.27,1.9,0.37,1.75,0.1211
71.32,72084.25,1010.65,3.42,1.88,2.99,2.79,3.26,4.77,5.17,2.0,2.0,2.46,1.94,0.4,2.49,0.0674
80.21,91781.57,1144.21,3.42,1.43,3.55,2.48,3.59,4.73,3.85,2.32,2.32,2.22,2.24,0.59,1.86,0.0503
68.4,52307.59,764.75,2.0,0.81,1.5,0.76,1.5,1.58,1.58,0.0,0.0,2.0,1.19,0.0,0.67,5.6667
39.42,41977.71,1064.98,3.25,1.83,3.27,1.88,2.75,3.33,2.65,0.0,0.0,2.46,1.76,0.52,0.72,0.0744
58.69,62685.1,1068.13,3.49,1.59,3.42,1.48,3.45,5.28,4.47,2.0,2.0,2.32,2.23,0.58,2.1,0.0189
53.38,55544.5,1040.45,3.56,1.62,3.46,3.11,3.23,4.95,3.71,2.32,2.32,2.24,2.23,0.78,1.54,0.0413
56.66,58876.01,1039.04,3.4,1.66,3.45,2.96,2.9,5.03,3.81,1.58,1.58,2.51,2.02,0.72,1.66,0.0075
53.92,63613.15,1179.76,3.12,1.52,3.33,3.05,3.21,3.55,2.98,2.81,2.81,2.13,1.8,0.48,1.37,0.0245
57.43,56382.89,981.8,3.46,1.91,3.26,2.79,3.32,4.56,5.22,1.58,1.58,2.46,1.97,0.39,2.47,0.0072
52.43,57644.86,1099.4,3.42,1.36,3.29,3.23,3.73,5.05,4.04,1.58,1.58,2.22,2.31,0.64,1.91,0.0411
62.03,69523.13,1120.81,3.35,1.72,3.07,2.57,2.93,4.05,3.81,1.58,1.58,2.25,1.95,0.33,1.6,0.0052
59.78,73488.74,1229.31,3.16,1.42,3.37,2.82,3.15,3.03,1.91,2.32,2.32,2.2,1.91,0.67,0.78,0.0095
46.64,50976.06,1092.95,3.26,1.73,3.43,1.71,2.86,3.48,2.96,1.0,1.0,2.53,1.71,0.64,1.14,0.0657
54.03,58168.7,1076.52,2.87,1.71,3.03,2.21,2.22,3.23,2.31,1.0,1.0,2.45,1.38,0.56,0.8,0.0499
62.36,69030.17,1106.98,3.0,1.83,3.28,3.15,2.11,3.24,2.45,1.0,1.0,2.47,1.49,0.6,0.78,0.0106
90.57,91455.96,1009.77,3.37,1.86,3.13,1.81,3.1,5.11,3.87,2.58,2.58,2.65,1.92,0.75,1.75,0.0396
90.13,94505.09,1048.54,3.16,1.92,2.9,2.82,2.64,4.21,3.42,2.32,2.32,2.65,1.65,0.59,1.38,0.0365
81.32,76965.39,946.47,3.54,1.85,2.56,2.3,3.31,6.04,4.86,2.95,2.95,2.57,2.15,0.68,2.38,0.0542
65.18,57039.25,875.16,3.54,2.1,3.5,2.04,3.15,5.82,5.16,2.0,2.0,2.77,1.96,0.51,2.53,0.0807
77.88,66943.54,859.55,3.55,1.84,3.47,2.28,3.25,5.49,4.71,1.0,1.0,2.55,2.21,0.54,2.21,0.0313
47.93,53531.44,1116.93,3.38,1.6,3.27,2.1,3.57,4.07,3.75,2.81,2.81,2.36,2.09,0.39,1.69,0.0537
56.28,63705.06,1131.86,3.44,1.46,3.39,2.68,3.36,4.9,4.39,2.13,2.13,1.89,2.28,0.51,2.01,0.011
55.4,58979.13,1064.65,3.37,1.38,3.5,2.79,3.2,5.47,3.54,2.32,2.32,2.26,2.21,0.82,1.64,0.01
52.71,60858.47,1154.5,3.22,1.6,2.93,2.4,3.3,3.79,3.5,2.58,2.58,2.13,1.88,0.28,1.66,0.0311
61.44,68395.65,1113.28,3.49,1.57,3.46,3.26,3.31,4.86,4.29,2.41,2.41,2.0,2.26,0.59,1.89,0.0211
59.92,63829.94,1065.29,3.4,1.41,3.63,2.64,3.18,5.33,3.46,2.32,2.32,2.38,2.22,0.83,1.65,0.018
54.08,61542.58,1138.07,3.2,1.59,3.35,2.32,3.23,3.76,3.16,2.81,2.81,2.21,1.86,0.49,1.45,0.0276
47.78,48357.81,1012.07,3.4,1.79,3.07,2.67,3.17,4.84,4.53,0.0,0.0,2.42,1.96,0.49,2.01,0.0661
36.93,36819.29,997.07,3.52,1.93,3.31,2.48,3.32,4.03,4.74,1.0,1.0,2.44,1.99,0.28,2.0,0.0587
56.83,65275.57,1148.56,3.34,1.44,3.35,1.88,3.5,4.13,3.79,2.0,2.0,2.2,2.16,0.33,1.79,0.0579
63.19,73152.39,1157.69,3.24,1.73,3.48,3.11,3.12,3.94,3.78,2.0,2.0,2.29,1.86,0.23,1.56,0.0132
56.84,67497.57,1187.59,3.25,1.46,3.44,2.33,2.93,3.36,2.34,2.25,2.25,2.16,1.95,0.69,0.96,0.0252
61.82,57797.73,934.88,3.47,2.04,3.39,3.16,2.66,5.07,4.21,1.0,1.0,2.89,1.87,0.73,1.76,0.0117
65.27,62084.66,951.15,3.51,1.97,3.32,2.72,3.24,5.17,5.19,2.0,2.0,2.52,2.04,0.52,2.32,0.0635
79.41,68156.9,858.28,3.32,2.0,3.34,3.03,3.41,6.68,5.59,2.81,2.52,2.53,1.92,0.51,2.72,0.0687
81.23,80094.41,986.02,3.39,1.97,3.23,2.81,3.21,5.05,4.62,2.32,2.32,2.65,1.9,0.38,2.22,0.0617
96.27,95723.5,994.32,3.32,1.84,3.16,2.52,3.45,5.8,5.01,3.55,3.55,2.56,2.0,0.47,2.62,0.0153
81.07,68564.58,845.8,3.46,2.03,3.35,2.54,3.09,6.02,5.32,3.0,3.0,2.77,1.91,0.6,2.71,0.0385
100.83,93039.67,922.76,3.42,1.87,3.18,2.09,3.11,4.89,3.95,1.0,1.0,2.74,2.03,0.62,1.62,0.0483
40.09,45834.38,1143.3,3.23,1.74,3.3,2.92,3.18,3.09,2.88,2.58,2.58,2.4,1.78,0.41,1.12,0.0283
65.05,69653.62,1070.74,3.44,1.55,3.43,1.43,3.24,5.57,4.76,2.52,2.52,2.05,2.24,0.53,2.34,0.1649
96.97,103222.92,1064.53,3.41,1.46,3.48,1.42,3.36,4.96,3.56,2.0,2.0,2.27,2.2,0.69,1.47,0.0087
58.59,66585.94,1136.52,3.38,1.66,3.38,1.66,3.5,4.07,3.61,2.58,2.58,2.39,2.03,0.47,1.54,0.0137
37.73,44671.73,1183.97,3.27,1.19,3.2,2.14,3.24,4.55,4.01,0.92,0.92,1.72,2.27,0.44,1.8,0.0756
49.4,52306.55,1058.8,3.48,1.5,3.31,2.5,3.14,4.77,3.18,1.58,1.58,2.38,2.21,0.82,1.19,0.064
52.11,57329.37,1100.1,3.33,1.7,3.19,2.72,3.02,4.05,3.22,0.0,0.0,2.37,1.9,0.67,1.16,0.0303
56.06,65185.28,1162.75,3.16,1.63,3.48,2.72,2.99,3.63,3.27,2.0,2.0,2.14,1.77,0.45,1.3,0.0105
60.46,60108.51,994.18,3.55,1.9,3.32,2.73,3.44,4.5,5.12,2.0,2.0,2.5,2.08,0.4,2.34,0.015
55.46,63492.63,1144.74,3.42,1.36,3.21,2.99,3.6,4.42,3.82,1.58,1.58,2.1,2.31,0.5,1.64,0.0379
63.57,73161.45,1150.86,3.24,1.8,3.25,2.78,3.02,3.89,3.77,1.58,1.58,2.29,1.82,0.23,1.45,0.0168
65.76,74679.5,1135.72,3.27,1.63,3.62,2.83,2.91,3.72,2.83,2.52,2.52,2.31,1.9,0.61,1.16,0.0071
63.25,58712.95,928.25,3.34,2.0,3.56,2.67,2.48,4.89,3.49,2.52,2.52,2.82,1.75,0.65,1.45,0.0061
65.53,64563.56,985.26,3.46,2.06,3.56,3.51,2.7,4.31,3.75,0.0,0.0,2.72,1.82,0.7,1.44,0.0095
48.56,39711.35,817.71,3.56,2.01,3.1,2.92,2.96,5.8,4.56,2.0,2.0,2.79,2.07,0.63,2.17,0.0872
97.67,91004.81,931.73,3.5,1.97,3.38,1.85,3.51,6.29,5.86,1.92,1.92,2.57,2.11,0.41,2.94,0.0333
98.48,99686.86,1012.24,3.14,1.9,3.02,2.05,2.6,4.21,3.11,2.81,2.81,2.5,1.62,0.61,1.3,0.0281
85.35,86068.03,1008.45,3.29,1.89,3.33,1.95,2.82,4.46,3.64,1.0,1.0,2.6,1.73,0.62,1.58,0.0378
91.13,92858.86,1018.92,3.15,1.84,3.45,2.38,2.33,3.72,2.81,1.58,1.58,2.59,1.66,0.63,1.1,0.0389
51.01,58408.71,1145.06,3.36,1.56,3.36,1.56,3.61,3.94,3.68,2.81,2.81,2.27,2.09,0.34,1.64,0.0272
59.09,66384.17,1123.41,3.49,1.5,3.45,2.64,3.3,4.9,4.11,2.13,2.13,1.97,2.28,0.66,1.82,0.0125
56.38,60199.85,1067.8,3.4,1.35,3.6,2.67,3.22,5.43,3.45,2.32,2.32,2.31,2.26,0.84,1.65,0.0059
58.7,69471.76,1183.56,3.19,1.51,3.03,2.58,3.35,3.61,3.14,2.58,2.58,2.06,1.9,0.42,1.44,0.0117
60.23,60886.47,1010.84,3.41,1.88,3.2,2.86,3.2,4.85,5.03,1.0,1.0,2.44,1.96,0.42,2.27,0.0133
58.0,59278.02,1022.11,3.59,1.66,3.49,3.4,3.63,5.33,4.61,1.58,1.58,2.52,2.25,0.6,2.13,0.0049
61.04,69025.3,1130.84,3.35,1.67,3.1,2.62,2.96,4.01,3.63,2.0,2.0,2.17,1.98,0.38,1.56,0.0095
42.2,50502.78,1196.71,3.16,1.57,3.32,1.63,3.07,3.03,2.27,2.32,2.32,2.31,1.83,0.52,0.94,0.048
58.16,63184.0,1086.37,3.35,1.76,3.4,2.47,2.95,3.94,3.13,2.32,2.32,2.43,1.87,0.62,1.26,0.0558
69.03,64980.4,941.3,3.26,1.85,3.33,2.13,2.29,4.8,3.13,1.5,1.5,2.75,1.74,0.72,1.35,0.0363
78.28,82372.04,1052.23,3.42,1.77,3.34,2.15,3.08,4.46,3.37,2.52,2.52,2.7,1.96,0.74,1.47,0.1005
84.34,80966.33,959.97,3.49,1.84,3.23,2.64,3.38,5.65,4.54,2.81,2.81,2.55,2.08,0.65,2.19,0.0682
73.59,71757.36,975.12,3.5,1.91,3.53,2.7,3.28,5.33,4.39,2.32,2.32,2.55,1.99,0.69,1.87,0.0867
92.21,89440.6,969.96,3.35,1.71,3.27,2.19,3.43,6.56,4.8,3.12,3.12,2.42,2.12,0.68,2.4,0.0185
95.01,87902.91,925.18,3.46,1.95,3.35,2.89,3.11,5.52,5.03,2.58,2.58,2.77,1.88,0.57,2.64,0.018
57.94,52080.8,898.81,3.32,1.7,3.23,1.6,3.44,5.28,4.78,1.0,1.0,2.41,2.16,0.37,2.26,0.1097
37.81,41899.11,1108.19,3.26,1.76,3.07,2.56,3.06,3.31,2.87,2.32,2.32,2.51,1.82,0.46,1.08,0.2806
56.43,60013.05,1063.43,3.49,1.61,3.45,1.51,3.1,5.41,4.4,2.32,2.32,2.2,2.23,0.64,2.0,0.0053
57.73,60399.29,1046.15,3.51,1.54,3.29,3.29,3.29,4.98,3.54,2.0,2.0,2.41,2.24,0.76,1.43,0.0142
49.16,53606.31,1090.44,3.33,1.72,3.41,2.38,3.25,4.12,3.79,1.0,1.0,2.34,1.9,0.44,1.56,0.0398
48.46,57515.28,1186.95,3.2,1.56,3.62,3.05,3.1,3.37,2.85,2.0,2.0,2.15,1.83,0.51,1.12,0.0449
47.86,47690.58,996.56,3.43,1.78,3.05,2.54,3.33,4.24,4.83,1.58,1.58,2.42,2.0,0.46,2.3,0.0735
61.67,66428.01,1077.11,3.54,1.51,3.66,2.16,3.7,5.27,4.43,1.58,1.58,2.37,2.31,0.64,2.08,0.2127
73.68,80982.15,1099.1,3.34,1.78,2.92,2.47,2.95,4.27,4.03,2.0,2.0,2.33,1.92,0.31,1.76,0.0583
56.51,66937.08,1184.51,3.3,1.49,3.39,1.9,3.1,3.41,2.31,2.58,2.58,2.29,2.0,0.69,0.95,0.0541
66.61,65629.69,985.34,2.87,1.83,3.05,2.0,1.67,3.48,2.48,1.58,1.58,2.63,1.33,0.62,0.94,0.0295
64.95,66067.88,1017.17,3.23,1.93,3.46,2.77,2.42,3.55,3.16,1.0,1.0,2.69,1.63,0.54,1.27,0.039
59.05,56589.91,958.31,3.42,2.03,3.02,2.51,3.03,4.96,4.17,1.0,1.0,2.62,1.87,0.64,1.62,0.041
86.45,85636.65,990.59,3.41,1.99,3.15,2.29,3.01,4.92,4.27,2.58,2.58,2.7,1.89,0.49,2.02,0.0335
76.65,77791.61,1014.89,3.3,1.85,3.3,2.82,2.82,4.2,3.31,2.32,2.32,2.72,1.82,0.57,1.4,0.0404
97.34,88732.55,911.62,3.53,2.03,3.25,2.28,2.96,5.7,5.07,2.32,2.32,2.75,1.95,0.58,2.47,0.0262
92.29,88355.62,957.38,3.46,1.81,3.59,2.61,3.2,5.62,4.41,2.52,2.52,2.67,2.04,0.68,2.2,0.011
63.51,63026.69,992.38,2.83,1.77,2.83,1.77,1.88,2.75,1.55,0.0,0.0,1.95,1.18,0.61,0.0,0.4062
48.88,53757.12,1099.67,3.45,1.66,3.47,1.64,3.54,4.58,4.19,1.92,1.92,2.21,2.14,0.45,1.7,0.0479
40.45,44410.47,1097.89,3.46,1.51,3.33,3.01,3.4,4.56,4.26,2.13,2.13,1.92,2.27,0.47,1.84,0.0463
51.04,51915.32,1017.24,3.43,1.51,3.29,2.45,3.21,5.47,3.75,2.0,2.0,2.41,2.2,0.72,1.62,0.0675
60.17,68509.5,1138.53,3.21,1.72,2.86,2.32,3.27,3.77,3.68,2.58,2.58,2.22,1.78,0.24,1.69,0.0187
35.72,38350.33,1073.54,3.3,1.83,2.91,2.05,2.85,3.94,3.77,1.58,1.58,2.26,1.8,0.38,1.48,0.0735
42.35,43275.73,1021.9,3.48,1.87,3.27,2.59,3.3,4.0,4.77,1.0,1.0,2.27,2.02,0.42,2.05,0.0582
63.72,73175.33,1148.43,3.35,1.37,3.4,1.92,3.69,4.73,3.81,1.58,1.58,2.13,2.23,0.62,1.74,0.133
73.16,82341.94,1125.57,3.28,1.78,3.22,2.94,2.98,4.28,4.07,2.0,2.0,2.32,1.87,0.26,1.81,0.0973
62.09,73713.28,1187.23,3.26,1.51,3.52,2.41,3.04,3.52,2.62,2.25,2.25,2.17,1.95,0.61,1.08,0.047
66.04,65328.2,989.18,3.06,1.91,3.31,2.18,2.0,3.9,2.55,1.58,1.58,2.72,1.46,0.74,0.89,0.0655
64.83,70791.47,1091.88,3.07,1.79,3.21,3.09,2.56,3.38,2.6,1.92,1.92,2.49,1.57,0.57,0.96,0.0425
73.19,71630.36,978.69,3.37,1.97,3.26,2.25,3.02,4.81,3.97,3.0,3.0,2.65,1.84,0.62,1.81,0.2024
86.53,86570.85,1000.46,3.34,1.98,3.1,2.29,2.73,4.35,3.65,2.25,2.25,2.77,1.76,0.57,1.58,0.0171
70.63,78200.07,1107.24,3.03,1.76,3.21,2.37,2.75,3.56,2.91,1.5,1.5,2.46,1.63,0.42,1.21,0.0592
78.05,81180.87,1040.16,2.87,1.84,2.98,2.12,2.1,3.47,2.82,1.92,1.92,2.42,1.36,0.46,1.16,0.0656
98.42,99300.22,1008.98,3.23,1.93,2.53,1.64,1.95,3.4,2.91,1.0,1.0,2.35,1.73,0.43,0.86,0.0654
41.27,44616.64,1081.02,3.45,1.7,3.52,1.67,3.54,4.57,4.12,1.58,1.58,2.3,2.13,0.4,1.62,0.353
60.3,63823.53,1058.41,3.58,1.58,3.53,2.14,3.28,5.11,4.19,2.41,2.41,2.23,2.3,0.7,1.93,0.041
61.89,63769.39,1030.43,3.43,1.61,3.54,2.82,2.98,5.26,3.79,2.0,2.0,2.53,2.08,0.77,1.72,0.2429
65.27,75395.03,1155.14,3.24,1.6,3.34,3.09,3.17,3.7,3.17,2.81,2.81,2.24,1.87,0.5,1.43,0.1122
87.63,89547.58,1021.92,3.56,1.88,3.21,2.37,3.48,4.95,5.17,2.58,2.58,2.55,2.09,0.53,2.51,0.0599
63.05,71824.53,1139.1,3.34,1.51,3.45,1.96,3.11,3.97,3.43,2.0,2.0,2.27,2.08,0.45,1.6,0.1174
42.35,48020.45,1133.78,3.31,1.67,3.44,2.1,2.99,3.88,3.72,1.58,1.58,2.31,1.94,0.22,1.53,0.0495
44.67,38566.47,863.38,3.49,2.05,3.44,2.77,2.97,4.97,4.26,2.0,2.0,3.03,1.79,0.7,1.92,0.0678
43.9,43721.47,995.99,3.33,1.89,3.15,3.15,2.93,4.94,3.63,0.0,0.0,2.56,1.83,0.89,1.11,0.1283
62.34,58767.42,942.68,3.53,1.9,3.43,2.55,3.21,5.15,4.05,2.0,2.0,2.75,2.01,0.73,1.78,0.0632
69.63,68701.58,986.68,3.38,1.71,3.31,2.61,3.23,5.72,4.81,3.32,3.32,2.55,2.12,0.52,2.59,0.0502
63.71,65893.13,1034.27,3.21,1.76,3.59,2.15,2.43,4.54,3.34,1.0,1.0,2.56,1.69,0.77,1.43,0.0928
113.37,122937.08,1084.36,3.13,1.66,3.56,2.43,2.92,3.95,3.29,1.0,1.0,2.36,1.75,0.49,1.45,0.0113
57.72,63126.89,1093.68,3.24,1.8,3.24,1.8,2.9,3.3,2.79,1.58,1.58,2.53,1.77,0.49,0.9,0.011
57.84,62387.9,1078.56,3.52,1.5,3.48,1.28,3.24,5.45,4.4,2.32,2.32,2.24,2.33,0.64,2.15,0.0049
59.42,62565.91,1053.02,3.51,1.56,3.29,3.25,3.24,4.94,3.56,2.0,2.0,2.36,2.21,0.77,1.41,0.0441
56.13,61562.83,1096.72,3.33,1.74,3.3,2.45,3.23,4.14,3.76,1.0,1.0,2.37,1.89,0.43,1.58,0.0397
39.84,47585.59,1194.48,3.08,1.47,3.38,1.54,3.0,2.98,2.22,1.58,1.58,2.14,1.75,0.63,0.75,0.9183
52.38,57717.46,1101.82,3.42,1.66,3.08,1.67,3.54,4.3,3.84,2.52,2.52,2.38,2.09,0.45,1.66,0.0861
58.51,65581.79,1120.88,3.48,1.53,3.51,2.94,3.38,4.87,4.56,2.13,2.13,1.92,2.28,0.47,2.04,0.0132
54.21,57480.6,1060.36,3.35,1.4,3.53,2.55,3.12,5.5,3.44,2.32,2.32,2.27,2.2,0.85,1.54,0.0595
47.1,54419.35,1155.49,3.18,1.58,2.99,2.06,3.36,3.69,3.33,1.58,1.58,2.07,1.87,0.3,1.42,0.0683
52.93,58770.67,1110.32,3.34,1.65,3.45,2.73,3.22,4.11,3.54,1.0,1.0,2.29,1.93,0.54,1.48,0.0316
48.14,48912.61,1016.0,3.53,1.87,3.3,2.52,3.4,4.05,4.71,2.0,2.0,2.48,2.02,0.44,2.16,0.0466
60.58,66567.58,1098.83,3.37,1.53,3.34,2.23,3.26,4.55,4.21,2.0,2.0,2.21,2.15,0.33,2.07,0.0155
61.44,70702.74,1150.74,3.3,1.69,3.4,2.7,3.03,3.88,3.48,2.58,2.58,2.47,1.91,0.35,1.54,0.0088
55.55,64295.76,1157.4,3.3,1.52,3.57,2.58,3.03,3.52,2.63,2.25,2.25,2.27,1.95,0.66,1.11,0.0329
59.46,56082.57,943.14,3.48,1.97,3.44,2.93,2.61,4.8,4.24,1.0,1.0,2.84,1.87,0.65,1.86,0.0224
53.92,51277.71,951.02,3.49,1.98,3.49,2.66,3.22,4.93,4.9,2.75,2.75,2.61,1.97,0.43,2.24,0.0618
78.03,69323.35,888.39,3.44,1.99,3.42,2.65,3.31,6.42,4.98,2.0,2.0,2.64,2.0,0.69,2.25,0.1343
84.09,82796.28,984.62,3.5,1.59,3.38,2.24,3.62,6.08,5.37,3.12,3.12,2.69,2.28,0.5,3.09,0.0216
93.31,92343.67,989.64,3.35,1.9,3.14,2.35,3.26,5.31,4.11,2.81,2.81,2.61,1.91,0.67,1.89,0.0229
84.26,74973.82,889.8,3.41,2.21,3.41,2.59,2.82,5.32,4.64,2.58,2.58,2.81,1.73,0.57,2.15,0.0198
76.64,79398.07,1035.96,3.31,1.65,2.94,1.67,2.84,3.66,2.67,1.58,1.58,2.52,1.98,0.63,1.07,0.0597
84.25,89337.91,1060.35,3.07,1.65,3.07,1.65,2.78,3.0,2.75,0.0,0.0,1.96,1.76,0.0,0.25,0.0964
57.96,61715.83,1064.83,3.49,1.63,3.48,1.63,3.4,5.12,4.38,1.92,1.92,2.38,2.19,0.53,2.08,0.0064
41.26,44271.9,1072.9,3.53,1.62,3.41,2.41,3.15,4.59,3.66,1.92,1.92,2.04,2.22,0.71,1.46,0.0983
52.24,54988.85,1052.62,3.4,1.35,3.52,2.24,3.18,5.48,3.36,2.32,2.32,2.34,2.26,0.86,1.59,0.0449
58.02,68225.99,1175.84,3.18,1.52,2.9,2.32,3.37,3.65,3.18,2.58,2.58,2.07,1.89,0.41,1.49,0.0117
52.98,53822.61,1015.81,3.36,1.9,3.09,2.8,3.06,4.84,4.68,1.0,1.0,2.46,1.89,0.46,1.99,0.0475
60.36,63227.73,1047.55,3.6,1.67,3.54,2.45,3.65,5.16,4.54,1.58,1.58,2.4,2.25,0.59,2.02,0.0136
55.68,61639.89,1107.05,3.39,1.63,3.17,2.62,2.87,4.17,3.67,2.32,2.32,2.19,2.05,0.43,1.72,0.0132
47.44,55522.15,1170.44,3.22,1.62,3.46,2.33,2.93,3.58,3.0,2.0,2.0,2.32,1.89,0.39,1.22,0.0401
54.6,53941.36,987.93,3.47,1.92,3.52,2.63,2.54,4.39,3.46,1.0,1.0,2.7,1.84,0.82,1.37,0.0362
59.11,58221.56,984.98,2.97,1.96,3.11,2.57,2.11,3.74,2.98,2.0,2.0,2.57,1.38,0.49,1.18,0.0267
67.4,67654.17,1003.71,3.34,1.95,3.4,2.44,2.63,4.54,3.34,2.32,2.32,2.68,1.78,0.78,1.32,0.0604
87.28,82444.61,944.59,3.31,1.77,2.89,2.14,3.59,6.56,5.43,1.58,1.58,2.38,2.02,0.55,2.6,0.0512
82.49,83067.48,1006.94,3.37,1.92,3.14,2.47,2.87,4.75,3.95,3.0,3.0,2.84,1.87,0.6,1.89,0.0401
74.97,74822.59,998.04,3.41,1.59,3.09,2.4,3.33,5.94,4.68,2.32,2.32,2.33,2.15,0.69,2.2,0.05
94.76,89826.39,947.94,3.54,1.87,3.3,2.57,3.38,6.16,5.11,2.52,2.52,2.71,2.1,0.6,2.61,0.013
94.77,102462.51,1081.21,3.44,1.41,3.43,1.43,3.11,4.08,3.29,2.0,2.0,2.33,2.22,0.57,1.6,0.0336
60.57,62805.29,1036.85,3.01,1.51,3.01,1.51,3.48,3.46,4.01,1.0,1.0,2.12,1.81,0.14,1.5,0.0417
56.55,57905.4,1024.01,3.17,1.51,3.21,1.52,3.32,5.64,4.79,1.5,1.5,1.93,2.0,0.29,2.17,0.0243
43.71,47979.62,1097.75,3.29,1.57,3.33,2.02,3.59,4.57,4.18,2.81,2.81,2.1,2.1,0.33,2.15,0.0338
54.3,60357.72,1111.49,3.29,1.51,3.07,2.08,3.35,4.99,4.6,1.5,1.5,2.09,2.07,0.47,2.18,0.0219
61.25,59701.48,974.77,3.53,1.77,3.5,2.92,2.9,4.66,4.41,2.58,2.58,2.57,2.07,0.56,2.14,0.009
60.6,71782.05,1184.58,3.15,1.47,3.21,2.54,3.21,3.6,2.71,2.32,2.32,2.2,1.9,0.61,1.09,0.0213
65.89,70780.2,1074.18,3.51,1.56,3.22,2.53,3.63,5.71,5.19,1.0,1.0,2.23,2.33,0.47,2.49,0.0799
65.91,75886.02,1151.38,3.33,1.34,3.47,2.49,3.56,4.49,3.72,2.58,2.58,2.27,2.21,0.48,1.93,0.0643
46.83,55167.63,1178.13,3.26,1.44,3.36,1.78,3.0,3.75,2.93,2.0,2.0,2.11,2.01,0.61,1.17,0.0491
52.92,58592.53,1107.1,3.31,1.62,3.6,2.46,2.72,4.05,2.67,1.58,1.58,2.38,1.95,0.79,1.01,0.0371
62.1,65671.79,1057.44,3.44,1.76,3.51,2.75,3.05,4.58,3.38,1.92,1.92,2.6,1.98,0.83,1.3,0.0681
41.13,46239.23,1124.11,3.23,1.48,3.51,2.1,3.45,4.3,3.47,1.58,1.58,1.99,2.01,0.59,1.49,0.0425
52.7,55593.21,1054.8,3.32,1.9,3.05,2.48,2.71,3.76,3.24,2.58,2.58,2.51,1.71,0.61,1.35,0.0563
56.5,63212.7,1118.73,3.22,1.6,3.11,2.39,3.48,4.16,3.39,2.0,2.0,2.11,1.89,0.64,1.32,0.0356
51.51,56100.04,1089.15,3.39,1.78,3.42,2.42,3.17,4.09,3.52,0.0,0.0,2.37,1.95,0.51,1.34,0.0582
65.77,73762.92,1121.53,3.39,1.5,3.23,2.05,3.32,5.48,4.08,2.58,2.58,2.38,2.21,0.78,1.84,0.0492
60.88,71120.76,1168.19,3.39,1.35,3.65,3.05,3.35,4.77,4.43,2.0,2.0,1.99,2.27,0.41,2.16,0.0265
53.94,58264.3,1080.17,3.33,1.7,3.3,2.35,3.54,4.55,4.01,2.58,2.58,2.45,2.04,0.39,1.65,0.0426
59.19,63019.73,1064.77,3.27,1.42,3.36,2.56,3.31,5.64,4.49,2.58,2.58,2.12,2.2,0.53,2.14,0.0271
63.0,64264.2,1020.07,3.27,1.48,3.22,3.04,3.57,6.21,5.58,1.0,1.0,2.23,2.24,0.34,3.03,0.0221
63.38,67961.38,1072.32,3.48,1.69,3.08,2.49,3.34,4.52,3.75,2.32,2.32,2.42,2.09,0.61,1.76,0.0213
64.31,68394.44,1063.49,3.37,1.57,3.17,2.64,3.46,5.23,3.96,2.95,2.95,2.37,2.16,0.71,1.91,0.0292
55.99,60174.04,1074.79,3.25,1.58,3.27,2.73,3.71,5.42,4.58,2.58,2.58,2.27,2.06,0.52,2.09,0.0421
44.38,43724.25,985.2,3.28,1.36,3.42,2.54,3.57,5.68,4.95,2.0,2.0,2.18,2.27,0.44,2.63,0.0795
55.11,58787.96,1066.83,3.37,1.6,3.0,1.81,2.99,4.19,2.92,2.0,2.0,2.59,2.0,0.76,1.29,0.0782
58.96,63481.84,1076.64,3.3,1.64,3.17,2.15,3.46,4.93,4.35,2.0,2.0,2.39,2.01,0.47,2.04,0.033
71.62,70049.92,978.06,3.46,1.85,3.59,2.76,3.42,5.56,5.18,3.32,3.12,2.59,2.12,0.39,2.59,0.0568
47.6,52244.85,1097.59,3.3,1.61,3.16,1.72,3.33,4.54,3.91,1.58,1.58,2.13,2.07,0.45,1.67,0.0609
59.76,58615.71,980.82,3.44,1.75,3.2,2.38,3.4,5.22,4.74,2.32,2.32,2.39,2.06,0.51,2.3,0.0671
58.59,59929.98,1022.79,3.38,1.64,3.34,3.17,3.76,5.56,5.03,2.0,2.0,2.29,2.15,0.51,2.28,0.0371
60.75,61616.49,1014.27,3.44,1.56,3.58,2.65,3.48,5.69,4.42,2.32,2.32,2.42,2.22,0.59,2.22,0.0217
66.38,63419.05,955.41,3.47,1.77,3.67,3.34,3.49,5.82,4.82,0.0,0.0,2.49,2.1,0.6,2.11,0.0302
56.47,56708.97,1004.26,2.96,1.37,3.31,2.51,3.68,5.98,4.92,1.5,1.5,2.06,1.91,0.12,2.49,0.0595
63.35,56633.06,893.92,3.05,1.88,3.22,3.19,3.31,6.24,5.24,0.0,0.0,2.33,1.67,0.06,2.33,0.0632
66.63,62459.38,937.39,3.19,1.47,3.44,2.43,3.7,6.46,5.22,2.5,2.5,2.29,2.12,0.21,2.92,0.0124
62.63,63066.4,1006.92,2.83,1.39,3.33,3.28,3.58,6.17,5.23,2.58,2.58,2.14,1.88,0.14,2.81,0.0191
92.59,90050.16,972.62,3.14,1.58,3.3,2.05,3.75,6.84,5.6,2.52,2.52,2.25,2.09,0.24,3.0,0.0102
88.37,88919.96,1006.23,3.0,1.39,3.11,3.16,3.71,6.64,5.82,2.73,2.73,2.21,2.08,0.16,3.34,0.0456
96.46,97950.96,1015.42,3.01,1.44,3.23,2.71,3.9,6.83,6.26,2.25,2.25,1.98,2.11,0.15,3.54,0.0172
95.69,96713.09,1010.73,3.05,1.4,3.08,1.97,3.55,6.62,5.92,2.58,2.58,1.95,2.12,0.13,3.31,0.0133
54.48,66018.21,1211.78,2.76,1.5,2.76,1.5,3.1,3.25,2.86,2.25,2.25,2.05,1.49,0.25,1.26,0.0401
49.6,53723.22,1083.14,3.19,1.56,3.12,2.19,2.67,3.69,2.75,2.0,2.0,2.51,1.76,0.5,1.22,0.057
52.72,63800.47,1210.26,2.69,1.55,2.71,1.59,1.81,2.15,1.66,1.0,1.0,2.2,1.23,0.42,0.55,0.0078
55.62,59046.84,1061.54,3.31,1.58,2.85,2.11,3.51,5.27,5.3,3.0,3.0,2.35,2.16,0.2,2.74,0.0207
51.17,52059.96,1017.46,3.61,1.77,3.5,2.87,3.05,4.98,4.67,1.58,0.92,2.4,2.24,0.61,2.04,0.0744
58.41,62951.46,1077.68,3.35,1.48,3.45,2.67,3.34,5.65,4.23,2.0,2.0,2.18,2.18,0.66,1.9,0.0768
65.2,67051.42,1028.44,3.36,1.68,3.53,3.08,3.4,5.39,5.36,1.58,1.58,2.22,2.09,0.39,2.59,0.0252
47.2,51904.85,1099.69,3.44,1.45,3.34,1.94,3.72,4.79,4.14,2.32,2.32,2.1,2.23,0.62,1.79,0.0838
56.82,58716.59,1033.36,3.42,1.44,3.5,2.66,3.56,5.85,5.54,2.0,2.0,2.08,2.39,0.3,2.87,0.0627
63.66,74289.8,1166.93,3.35,1.4,3.19,1.79,3.37,4.11,3.08,2.32,2.32,2.27,2.12,0.72,1.34,0.0368
61.61,62231.95,1010.07,3.2,1.63,3.24,2.97,3.33,5.91,4.41,2.0,2.0,2.44,1.95,0.61,1.95,0.0375
64.11,65918.2,1028.23,3.4,1.64,3.63,3.29,3.33,5.57,4.53,1.58,1.58,2.37,2.13,0.65,2.08,0.0317
61.13,67008.52,1096.24,3.11,1.52,3.41,2.9,3.45,5.41,3.78,0.92,0.92,2.09,1.93,0.77,1.53,0.0334
66.66,68864.39,1033.04,3.19,1.45,3.37,2.69,3.75,6.12,4.55,2.58,2.58,2.1,2.07,0.53,2.2,0.043
43.5,47593.84,1093.99,3.4,1.51,3.37,1.59,3.51,5.08,3.79,2.0,2.0,2.2,2.17,0.79,1.72,0.0978
51.61,52929.77,1025.48,3.24,1.37,3.39,2.14,3.57,5.54,4.93,2.58,2.58,2.28,2.18,0.33,2.61,0.0548
57.72,65371.41,1132.54,3.31,1.36,3.32,2.38,3.44,4.55,3.76,2.32,2.32,2.24,2.17,0.48,1.86,0.0357
51.7,55532.96,1074.21,3.3,1.52,3.65,2.93,3.73,5.09,4.35,2.95,2.95,2.36,2.12,0.56,2.12,0.0323
63.68,69257.47,1087.58,3.31,1.62,3.41,2.47,2.93,4.92,3.61,1.0,1.0,2.33,1.95,0.82,1.52,0.0131
46.61,50285.07,1078.88,3.21,1.68,3.17,2.18,2.92,4.62,3.53,0.0,0.0,2.17,1.84,0.77,1.18,0.107
59.79,62526.41,1045.71,3.12,1.62,3.35,2.29,3.67,5.56,4.8,2.81,2.81,2.18,1.93,0.49,2.25,0.134
59.63,65563.53,1099.42,3.23,1.3,3.36,3.06,3.71,5.52,4.37,2.52,2.52,2.18,2.21,0.57,2.3,0.0356
62.37,65495.3,1050.12,3.27,1.58,3.54,3.35,3.38,5.63,4.64,1.0,1.0,2.24,2.09,0.56,2.11,0.0159
63.96,69287.04,1083.32,3.05,1.39,3.19,2.41,3.84,5.73,5.58,2.0,2.0,2.05,2.06,0.15,3.0,0.0342
59.02,60734.35,1029.08,3.19,1.8,3.16,2.13,3.43,5.22,4.49,0.0,0.0,2.15,1.92,0.49,1.9,0.121
69.49,77790.94,1119.41,3.15,1.32,3.16,1.98,3.63,5.3,4.64,2.81,2.81,2.2,2.14,0.42,2.56,0.0696
66.42,65224.52,982.06,3.33,1.78,3.49,2.67,3.21,5.22,4.76,2.0,2.0,2.56,1.92,0.45,2.48,0.0227
66.5,67046.8,1008.25,3.3,1.68,3.45,2.89,3.54,5.62,5.5,2.0,2.0,2.39,2.09,0.25,2.71,0.0308
69.06,69236.61,1002.62,3.22,1.57,3.52,3.34,3.4,5.96,5.17,2.58,2.58,2.32,2.08,0.45,2.64,0.0435
68.31,67966.29,994.92,3.28,1.48,3.45,3.62,3.81,6.12,5.34,1.79,1.79,2.33,2.2,0.39,2.85,0.0583
49.34,45799.33,928.24,3.52,1.81,3.4,1.69,3.03,5.04,3.52,1.0,1.0,2.66,2.02,0.85,1.45,0.0575
59.86,56436.61,942.88,3.11,1.59,3.08,2.03,3.16,6.2,4.78,1.0,1.0,2.35,1.85,0.23,2.31,0.0643
45.18,39386.76,871.8,3.09,1.71,3.16,2.46,3.62,5.94,5.2,1.0,1.0,2.26,1.89,0.12,2.4,0.151
56.53,55809.92,987.29,3.14,1.45,3.3,2.19,3.76,5.85,5.16,2.52,2.52,2.1,2.0,0.14,2.79,0.0316
66.6,57160.0,858.2,3.2,1.76,3.36,3.13,3.57,6.11,5.39,1.58,1.58,2.46,1.88,0.14,2.64,0.0387
60.29,65111.8,1080.05,2.91,1.44,3.37,3.14,3.47,5.72,4.75,1.0,1.0,1.82,1.85,0.17,2.04,0.0225
60.86,64201.34,1054.84,3.0,1.36,3.43,3.3,3.72,6.06,4.93,1.92,1.92,1.88,1.98,0.25,2.53,0.0931
68.94,69425.42,1007.06,2.94,1.35,3.03,2.27,3.78,6.46,5.42,2.13,2.13,2.22,1.99,0.12,3.13,0.1002
78.71,82354.53,1046.27,2.95,1.34,3.27,2.01,3.66,6.52,5.72,2.32,2.32,1.82,2.05,0.13,3.13,0.0618
67.29,67113.32,997.4,3.11,1.24,2.99,2.23,3.68,6.4,5.05,3.25,3.25,2.32,2.18,0.23,3.24,0.0391
49.88,51098.87,1024.52,2.97,1.26,3.31,2.01,3.76,5.98,5.63,1.58,1.58,1.84,2.15,0.11,3.28,0.205
59.35,60542.17,1020.06,2.9,1.42,2.81,2.38,3.61,6.15,5.39,2.25,2.25,1.92,1.96,0.13,2.89,0.045
61.79,60762.68,983.4,3.04,1.56,3.17,3.35,3.84,6.19,5.66,2.81,2.81,2.17,2.08,0.13,3.03,0.0839
60.11,60224.66,1001.9,3.0,1.27,3.14,3.29,3.56,6.26,5.64,1.58,1.58,1.97,2.14,0.14,3.14,0.0928
67.18,71051.5,1057.67,3.07,1.29,3.23,2.54,3.32,6.3,5.28,2.0,2.0,2.06,2.18,0.21,2.75,0.0512
44.01,49443.19,1123.47,2.77,1.03,3.14,1.33,3.9,5.48,5.31,1.58,1.58,1.5,2.08,0.11,3.05,0.0635
59.94,61390.14,1024.16,2.9,1.33,3.14,2.05,3.96,6.2,6.04,2.24,2.24,2.01,2.11,0.06,3.53,0.0572
95.11,101615.36,1068.45,3.03,1.21,3.04,1.34,3.69,6.59,5.75,3.17,3.17,2.12,2.21,0.17,3.31,0.0047
80.64,79940.22,991.27,3.04,1.38,2.83,1.55,3.3,6.72,5.17,2.58,2.58,2.07,2.03,0.29,2.93,0.1043
100.4,105549.31,1051.26,2.92,1.17,3.18,1.9,3.74,6.63,6.37,3.28,3.28,1.91,2.19,0.08,4.03,0.0175
86.93,95363.23,1096.95,2.8,1.27,3.06,1.54,3.47,6.15,5.83,2.0,2.0,1.63,1.98,0.1,3.15,0.0805
55.52,68360.0,1231.19,2.79,1.34,2.79,1.34,3.33,3.09,2.69,1.79,1.79,1.99,1.63,0.25,1.26,0.2606
59.64,70485.1,1181.92,2.49,1.58,2.47,1.87,2.07,2.05,2.19,1.0,1.0,2.25,1.0,0.25,0.9,0.0354
51.93,62730.48,1208.09,2.64,1.76,2.91,2.41,2.34,1.99,2.13,1.58,1.58,2.06,1.11,0.06,0.63,0.0142
56.23,58728.37,1044.49,3.51,1.74,2.92,2.13,2.88,4.62,3.88,2.0,2.0,2.54,2.1,0.64,1.64,0.0097
55.99,59324.17,1059.5,3.24,1.56,3.44,3.63,3.17,5.0,3.5,1.0,1.0,2.31,1.96,0.69,1.31,0.0283
62.07,67733.11,1091.3,3.47,1.68,3.5,3.34,3.4,4.51,3.99,2.32,2.32,2.31,2.08,0.57,1.82,0.0273
65.56,68693.43,1047.75,3.48,1.77,3.41,2.95,3.34,4.78,4.55,2.0,2.0,2.47,2.06,0.63,1.9,0.0142
70.09,74899.52,1068.58,3.3,1.44,3.62,2.76,3.84,5.87,5.43,2.58,2.58,2.28,2.27,0.35,2.86,0.0246
42.5,47511.54,1117.99,3.24,1.21,3.25,1.18,3.58,5.21,4.36,2.32,2.32,1.78,2.28,0.46,2.2,0.0615
59.3,56336.41,950.09,3.48,1.91,3.38,2.87,2.85,5.63,4.33,1.58,1.58,2.74,2.01,0.57,1.84,0.0665
63.55,69784.98,1098.05,3.51,1.56,3.48,2.68,3.53,5.08,4.65,2.58,2.58,2.12,2.27,0.54,2.21,0.0324
66.25,69222.45,1044.92,2.99,1.41,3.07,3.04,3.65,6.32,5.18,1.58,1.58,1.91,1.94,0.33,2.44,0.0221
67.86,71472.77,1053.28,3.16,1.36,3.61,3.26,3.87,6.16,5.41,2.0,2.0,1.9,2.19,0.35,2.75,0.0303
56.32,65790.28,1168.16,3.15,1.11,3.3,2.52,3.77,5.43,4.59,2.32,2.32,1.93,2.26,0.42,2.45,0.0575
59.93,61011.5,1018.06,3.12,1.42,3.5,3.38,3.52,6.01,5.02,2.25,2.25,2.11,2.09,0.23,2.64,0.0716
64.8,68970.74,1064.42,3.14,1.2,3.35,2.44,3.85,6.17,5.71,3.0,3.0,2.14,2.29,0.17,3.34,0.0534
61.1,69422.89,1136.16,2.77,1.13,3.06,3.07,3.28,5.88,4.63,1.58,1.58,1.71,1.94,0.24,2.36,0.0551
67.27,74228.04,1103.43,2.95,1.16,3.22,2.7,3.88,5.95,5.72,2.25,2.25,1.79,2.19,0.19,3.28,0.0142
65.48,68870.63,1051.8,3.03,1.26,3.18,2.98,3.75,6.06,5.08,2.75,2.75,2.06,2.13,0.18,3.0,0.0602
58.45,64532.04,1104.09,3.22,1.26,3.39,2.75,3.65,5.76,5.01,2.0,2.0,2.0,2.23,0.4,2.5,0.0902
67.98,75612.28,1112.33,2.86,1.18,3.3,2.18,3.43,6.11,4.94,2.52,2.52,1.76,1.98,0.23,2.46,0.0478
61.66,70177.62,1138.16,3.01,1.2,3.42,2.74,3.81,6.04,5.18,0.0,0.0,1.67,2.16,0.4,2.49,0.0225
73.31,74414.04,1015.07,2.98,1.38,3.14,2.72,3.96,6.5,6.23,2.0,2.0,1.88,2.11,0.13,3.69,0.0778
57.55,61162.95,1062.84,2.78,1.2,3.13,2.53,3.44,5.89,5.86,2.58,2.58,1.63,2.06,0.03,3.3,0.0414
58.71,54528.33,928.8,3.02,1.64,3.11,2.81,3.74,6.37,5.61,0.0,0.0,1.93,1.91,0.09,2.81,0.0873
61.41,61119.52,995.2,3.03,1.39,3.37,2.89,3.88,6.17,6.12,2.52,2.52,2.04,2.12,0.09,3.62,0.0389
56.71,60807.06,1072.32,2.79,1.14,3.24,3.43,3.74,5.81,5.76,2.32,2.32,1.87,2.05,0.0,3.14,0.0481
47.68,52142.9,1093.65,2.84,1.14,3.4,2.47,3.46,5.35,5.41,2.32,2.32,1.72,2.06,0.05,2.89,0.0604
56.48,57150.78,1011.94,2.95,1.42,3.25,2.97,3.71,5.88,6.01,2.25,2.25,2.03,1.98,0.03,3.28,0.0531
73.61,72185.02,980.67,3.0,1.63,3.29,2.6,3.81,6.36,5.34,2.25,2.25,2.07,1.88,0.17,2.6,0.0659
55.11,55024.2,998.45,2.89,1.36,3.26,2.09,3.49,6.12,5.58,1.0,1.0,1.99,1.96,0.06,3.02,0.082
64.43,60269.84,935.38,3.01,1.59,3.19,2.87,3.49,6.41,4.72,1.58,1.58,2.26,1.81,0.21,2.23,0.0413
66.52,63465.38,954.03,3.27,1.53,3.52,3.17,3.68,6.15,5.73,2.32,2.32,2.27,2.14,0.12,3.17,0.0239
75.03,74221.74,989.26,2.97,1.56,3.32,2.87,3.62,6.54,5.39,0.0,0.0,2.12,1.88,0.13,2.46,0.1012
68.89,67520.15,980.17,2.98,1.39,3.04,3.09,3.74,6.31,5.16,2.32,2.32,2.17,1.93,0.2,2.81,0.0436
66.21,65910.59,995.43,3.0,1.46,3.16,3.2,3.78,6.31,5.23,2.95,2.95,2.28,2.01,0.16,2.8,0.021
69.27,71582.58,1033.46,2.93,1.27,3.39,2.69,3.74,6.4,5.76,1.92,1.92,1.67,2.07,0.16,3.24,0.0501
49.43,52018.39,1052.32,2.89,1.39,3.05,1.24,3.88,5.68,4.86,1.58,1.58,1.87,1.94,0.17,2.25,0.1019
72.0,74230.47,1031.04,3.0,1.26,3.13,1.41,3.79,6.37,5.6,3.12,3.12,2.04,2.1,0.17,3.37,0.115
44.51,43327.31,973.48,3.04,1.49,2.78,1.12,3.18,5.99,4.87,2.0,2.0,2.04,2.0,0.24,2.41,0.0937
69.87,73140.92,1046.83,2.89,1.24,2.84,1.48,3.8,6.25,5.85,3.17,3.17,1.76,2.09,0.13,3.45,0.1126
69.0,73698.99,1068.15,3.03,1.32,3.02,3.3,3.95,6.18,5.69,3.28,3.28,2.07,2.19,0.12,3.35,0.0592
56.85,56775.2,998.63,2.92,1.38,3.05,1.75,3.49,6.08,5.71,2.58,2.58,1.92,2.05,0.08,3.22,0.0395
67.04,70519.4,1051.85,2.99,1.21,3.3,2.37,3.8,6.3,5.54,2.58,2.58,1.83,2.14,0.14,3.24,0.008
64.33,65897.89,1024.38,2.97,1.39,2.99,3.08,3.84,6.29,5.8,2.59,2.59,1.94,2.09,0.12,3.42,0.0509
68.74,71866.51,1045.41,2.88,1.18,3.06,2.7,3.77,6.24,6.05,2.0,2.0,1.81,2.14,0.09,3.52,0.024
68.09,71106.51,1044.3,2.95,1.23,3.17,3.11,3.7,6.26,5.89,2.81,2.81,2.13,2.16,0.1,3.41,0.0389
62.1,70167.75,1129.93,2.89,1.06,2.54,3.22,3.74,6.02,5.44,2.32,2.32,1.69,2.15,0.16,3.14,0.0112
62.81,66793.35,1063.39,2.78,1.2,3.18,3.32,3.65,6.08,5.92,2.32,2.32,1.68,2.03,0.06,3.33,0.0145
61.72,69396.33,1124.39,2.83,1.01,3.47,3.21,3.83,5.87,5.68,3.0,3.0,1.66,2.17,0.05,3.5,0.0472
59.73,64162.15,1074.28,2.85,1.25,2.88,2.69,3.78,6.07,4.95,2.52,2.52,1.9,1.95,0.19,2.69,0.0442
98.6,92081.48,933.89,3.01,1.54,2.91,1.96,3.55,7.11,5.41,3.42,3.42,2.31,1.92,0.12,3.06,0.0166
85.51,91184.75,1066.3,2.91,1.19,3.01,2.66,3.83,6.47,5.41,2.95,2.95,1.99,2.07,0.16,3.24,0.027
92.65,91202.72,984.38,3.01,1.34,3.06,3.19,3.65,6.86,5.45,3.28,3.28,2.19,2.05,0.25,3.21,0.0116
67.04,73434.43,1095.46,2.81,1.08,2.89,2.27,3.77,6.09,5.94,2.32,2.32,1.89,2.13,0.08,3.7,0.1222
53.88,65372.46,1213.4,2.62,1.52,2.62,1.52,2.84,2.61,2.09,1.5,1.5,2.01,1.33,0.33,0.74,0.0715
50.06,51131.71,1021.39,3.47,1.71,3.44,2.18,3.62,5.02,4.87,2.65,2.65,2.4,2.19,0.38,2.31,0.0177
54.85,58248.37,1061.89,3.58,1.61,3.74,2.95,3.17,5.04,4.06,2.32,2.32,2.21,2.31,0.7,1.7,0.0121
57.64,64277.5,1115.12,3.17,1.69,3.11,2.48,2.87,4.13,3.38,1.58,1.58,2.39,1.76,0.46,1.36,0.0189
54.96,59205.74,1077.35,3.36,1.63,3.19,2.53,3.54,4.97,4.74,2.0,2.0,2.18,2.06,0.42,2.21,0.0386
62.04,65364.79,1053.51,3.51,1.77,3.33,3.09,3.51,4.48,4.76,2.58,2.58,2.42,2.1,0.52,2.2,0.0106
66.51,74093.15,1113.96,3.41,1.38,3.37,2.24,3.44,5.15,4.58,1.0,1.0,2.07,2.31,0.46,2.31,0.0704
36.1,41917.51,1161.15,3.17,1.72,3.03,1.21,3.08,3.31,3.28,1.58,1.58,2.25,1.79,0.1,1.26,0.026
52.49,62178.31,1184.59,3.26,1.38,3.43,1.87,2.77,3.66,2.41,1.92,1.92,2.07,2.02,0.8,1.0,0.035
58.73,66258.31,1128.26,3.3,1.58,3.67,2.94,2.81,3.92,2.66,1.58,1.58,2.42,1.95,0.8,0.99,0.0431
55.54,55255.63,994.89,3.35,1.79,3.42,2.48,3.28,5.11,4.66,1.0,1.0,2.61,1.95,0.48,2.05,0.0765
60.86,67269.91,1105.27,3.35,1.74,3.26,2.7,3.18,3.87,3.37,2.81,2.81,2.6,1.88,0.56,1.5,0.0134
59.15,62857.58,1062.7,3.29,1.88,3.5,2.88,2.56,4.16,3.3,0.0,0.0,2.26,1.78,0.65,1.15,0.0319
47.16,50127.34,1062.85,3.58,1.55,3.06,2.22,3.48,4.85,3.94,1.0,1.0,2.43,2.33,0.64,1.58,0.0753
50.36,53454.55,1061.48,3.36,1.64,3.53,3.16,3.61,5.27,4.6,2.0,2.0,2.27,2.16,0.39,2.16,0.045
54.89,62794.88,1144.06,3.39,1.44,3.62,2.92,3.64,4.55,4.31,2.58,2.58,2.34,2.2,0.43,2.23,0.0083
54.15,59321.12,1095.46,3.42,1.53,3.47,3.56,3.42,4.89,4.21,2.81,2.81,2.23,2.22,0.52,1.95,0.0612
63.03,68037.16,1079.52,3.41,1.52,3.5,2.57,3.64,5.29,4.95,2.81,2.81,2.18,2.23,0.37,2.64,0.0304
60.38,65840.29,1090.38,3.35,1.5,3.32,3.22,3.65,5.4,4.51,2.0,2.0,2.31,2.23,0.47,2.0,0.0105
52.85,55261.26,1045.69,3.34,1.75,3.14,2.06,2.79,3.97,3.16,2.0,2.0,2.59,1.85,0.63,1.4,0.036
60.47,64830.32,1072.1,3.41,1.73,3.56,2.3,3.11,4.02,3.05,0.0,0.0,2.54,1.97,0.64,1.11,0.0203
61.53,63467.03,1031.52,3.45,1.79,3.32,2.35,3.38,4.93,4.45,2.58,2.58,2.55,2.01,0.49,2.12,0.0395
40.05,39565.32,987.82,3.37,1.8,3.21,1.43,2.7,4.3,3.69,1.58,1.58,2.72,1.88,0.47,1.68,0.0735
50.23,51461.12,1024.49,3.31,1.58,3.45,2.24,3.45,5.25,4.85,2.32,2.32,2.18,2.13,0.3,2.44,0.0672
57.91,65274.63,1127.24,3.2,1.71,3.19,2.19,3.26,4.01,3.12,0.0,0.0,2.1,1.81,0.59,1.04,0.011
51.07,51723.22,1012.74,3.39,1.52,3.02,2.17,3.56,5.49,4.35,2.0,2.0,2.29,2.22,0.64,2.08,0.038
64.0,61705.69,964.18,3.44,1.74,3.53,2.75,3.51,5.75,4.84,2.81,2.81,2.56,2.1,0.58,2.53,0.0195
63.25,66280.77,1047.95,3.49,1.76,3.43,3.34,3.29,4.61,4.38,2.32,2.32,2.43,2.07,0.44,2.11,0.031
62.77,62535.04,996.27,3.41,1.69,3.55,3.28,3.53,5.02,4.75,2.81,2.81,2.63,2.08,0.37,2.47,0.0399
59.97,59771.12,996.75,3.43,1.89,3.2,2.99,3.26,5.02,4.61,2.0,2.0,2.53,1.95,0.42,2.25,0.0334
61.53,59951.46,974.27,3.47,1.89,3.68,3.6,3.22,4.91,4.46,1.92,1.92,2.74,1.99,0.56,1.98,0.009
66.84,64196.32,960.41,3.45,1.85,3.6,3.1,3.15,5.52,4.22,0.0,0.0,2.5,2.05,0.69,1.83,0.0285
60.83,59845.22,983.85,3.29,1.67,3.21,2.56,3.52,5.97,4.66,2.0,2.0,2.31,2.03,0.58,2.23,0.0181
57.18,49200.96,860.46,3.13,1.87,3.16,2.83,3.64,6.16,5.67,1.79,1.79,2.55,1.86,0.05,2.87,0.0486
56.21,52687.23,937.28,3.05,1.64,3.29,3.36,3.49,6.18,5.41,0.0,0.0,2.48,1.9,0.06,2.68,0.0119
63.06,59373.01,941.51,3.07,1.57,3.46,2.77,3.79,6.38,5.5,1.58,1.58,2.25,2.01,0.1,2.83,0.0581
70.6,65291.66,924.76,3.1,1.51,3.22,2.42,3.46,6.59,5.81,1.0,1.0,2.42,2.07,0.17,3.19,0.0848
56.03,57476.58,1025.85,2.78,1.43,3.41,2.53,3.8,6.04,5.66,2.81,2.81,1.62,1.83,0.11,3.01,0.1088
61.12,61982.88,1014.2,3.11,1.38,3.33,2.8,3.5,6.24,4.88,3.17,3.17,2.05,2.11,0.27,2.82,0.0414
63.96,67003.31,1047.63,2.86,1.41,3.14,3.08,3.7,6.23,5.27,2.0,2.0,1.81,1.92,0.2,2.51,0.0966
89.7,91776.68,1023.13,2.99,1.26,3.36,1.51,4.05,6.6,6.28,3.17,3.17,1.94,2.2,0.1,3.88,0.0673
38.27,39361.33,1028.52,3.05,1.42,3.05,1.42,3.74,4.18,4.58,1.58,1.58,2.32,1.96,0.1,2.11,0.0672
50.51,53273.96,1054.68,3.12,1.36,3.31,1.67,3.39,5.44,4.66,1.58,1.58,1.8,2.03,0.26,2.23,0.04
57.4,61954.53,1079.35,2.96,1.31,2.94,2.76,3.91,5.83,5.18,1.58,1.58,1.85,2.02,0.2,2.48,0.0251
50.71,55379.13,1092.15,2.98,1.28,3.23,2.85,3.78,5.45,5.35,2.32,2.32,2.07,2.08,0.06,2.88,0.042
48.2,50226.21,1041.93,3.03,1.32,3.42,2.86,3.27,5.78,4.75,1.58,1.58,1.95,2.05,0.24,2.27,0.0039
62.23,63792.33,1025.1,3.16,1.49,3.13,2.51,3.6,5.41,4.98,2.52,2.52,2.13,1.98,0.22,2.52,0.0412
54.91,61924.39,1127.68,2.85,1.17,3.11,3.13,3.76,5.84,5.02,2.0,2.0,1.71,1.99,0.19,2.55,0.1056
56.63,53191.05,939.27,2.96,1.51,3.2,2.83,3.24,6.0,4.58,1.58,1.58,2.28,1.8,0.26,2.24,0.112
44.79,53571.0,1195.96,3.28,1.37,3.03,2.01,3.64,3.94,3.13,1.0,1.0,1.99,2.17,0.59,1.15,0.0705
56.59,63306.24,1118.72,3.34,1.51,3.4,2.38,3.44,5.34,4.93,1.92,1.92,2.02,2.22,0.36,2.37,0.0697
58.69,64560.8,1100.01,3.49,1.43,3.72,2.7,3.31,4.91,3.51,2.95,2.95,2.47,2.3,0.7,1.82,0.0479
50.2,56902.17,1133.42,3.17,1.79,3.26,1.99,2.93,3.4,3.04,2.32,2.32,2.33,1.7,0.48,1.15,0.0254
62.24,71136.43,1143.02,3.23,1.43,3.16,2.12,3.79,5.14,5.24,2.58,2.58,2.09,2.13,0.17,2.68,0.1112
54.12,58256.66,1076.36,3.33,1.48,3.58,2.55,3.13,5.57,4.44,1.58,1.58,2.28,2.19,0.54,2.09,0.0761
57.65,68742.31,1192.38,3.26,1.42,3.39,2.74,3.16,4.01,3.29,1.0,1.0,1.96,2.06,0.53,1.21,0.0118
57.5,67896.02,1180.77,3.14,1.49,3.59,3.12,3.38,4.14,3.76,2.58,2.58,2.04,1.95,0.3,1.78,0.0226
44.8,51879.39,1157.98,3.29,1.46,3.36,1.72,3.52,3.85,3.38,0.0,0.0,2.22,2.0,0.44,1.44,0.0731
60.3,66731.63,1106.66,3.38,1.51,3.41,2.09,3.41,4.78,3.79,3.0,3.0,2.28,2.14,0.53,2.03,0.0802
57.11,65701.14,1150.38,3.09,1.44,3.4,2.98,3.48,4.57,3.68,2.0,2.0,2.1,1.95,0.54,1.44,0.0439
61.51,69521.11,1130.3,3.25,1.63,3.3,2.36,3.03,3.57,3.34,2.81,2.81,2.32,1.84,0.39,1.5,0.0246
61.27,70210.23,1145.84,3.2,1.44,3.27,2.58,3.58,4.6,4.18,1.5,1.5,2.21,2.05,0.37,1.92,0.0266
45.19,45964.24,1017.18,3.37,1.83,3.19,1.86,3.55,5.32,4.78,1.58,1.58,2.45,2.06,0.38,2.03,0.0579
54.27,56456.16,1040.26,3.36,1.66,3.24,2.78,3.48,5.25,4.6,1.58,1.58,2.34,2.1,0.52,2.01,0.0479
61.94,62696.74,1012.16,3.41,1.79,3.49,3.04,3.49,5.56,4.59,2.32,2.32,2.43,2.08,0.57,2.24,0.0366
61.49,66102.35,1074.93,3.19,1.5,3.05,2.71,3.72,5.61,5.09,2.75,2.75,2.12,2.12,0.34,2.54,0.0496
62.18,61055.4,981.91,3.19,1.53,3.58,3.44,3.66,6.09,5.67,1.0,1.0,2.13,2.09,0.26,2.92,0.0231
63.01,60578.74,961.49,3.42,1.91,3.26,2.43,3.32,5.74,4.62,3.0,3.0,2.49,1.98,0.59,2.13,0.0419
67.43,67965.75,1007.89,3.42,1.66,3.52,2.83,3.43,5.73,4.43,2.75,2.75,2.58,2.13,0.66,2.23,0.0583
63.26,65894.92,1041.73,3.37,1.56,3.48,3.12,3.46,5.03,3.82,1.58,1.58,2.6,2.11,0.63,1.74,0.0287
66.36,63306.4,953.94,3.43,1.91,3.58,3.21,3.36,5.58,5.06,2.32,2.32,2.64,1.99,0.47,2.35,0.021
63.26,59897.28,946.9,3.41,1.73,3.68,3.43,3.42,5.75,5.14,1.58,1.58,2.42,2.06,0.56,2.54,0.0346
42.24,40970.04,969.9,3.41,2.03,3.34,1.86,2.88,5.02,3.27,0.0,0.0,2.44,1.88,0.9,0.81,0.0718
55.11,58278.72,1057.54,3.26,1.4,3.19,1.83,3.71,5.41,4.43,1.0,1.0,2.29,2.13,0.35,2.1,0.0673
58.27,54173.7,929.75,3.19,1.58,3.28,3.25,3.64,6.34,5.23,2.58,2.58,2.37,2.04,0.22,2.85,0.0178
59.09,60790.86,1028.72,2.98,1.28,3.23,2.53,3.47,6.22,5.31,2.0,2.0,1.86,2.08,0.2,2.89,0.0798
75.02,70622.67,941.43,3.11,1.44,3.11,2.21,3.9,6.52,5.54,3.32,3.32,2.3,2.14,0.2,3.21,0.0663
64.43,55890.1,867.41,3.14,1.68,2.98,1.88,3.46,6.63,5.75,1.58,1.58,2.34,2.05,0.19,3.01,0.0248
69.12,76824.12,1111.38,2.86,1.12,3.18,2.16,3.87,6.03,5.52,2.95,2.95,1.53,2.11,0.12,3.22,0.1365
58.86,59271.59,1007.01,3.04,1.44,2.67,2.14,3.75,6.09,5.27,1.79,1.79,2.22,2.09,0.18,2.74,0.1218
66.22,67208.12,1014.96,2.92,1.23,2.84,2.37,3.68,6.21,5.86,3.17,3.17,2.02,2.12,0.05,3.62,0.0536
72.54,78010.3,1075.4,2.97,1.21,3.16,2.67,3.96,6.37,5.51,1.92,1.92,1.7,2.13,0.19,3.04,0.0631
65.86,69477.22,1054.91,2.86,1.18,3.15,2.52,3.87,6.31,6.28,1.92,1.92,1.68,2.15,0.06,3.77,0.052
60.56,64607.12,1066.8,3.0,1.3,3.05,2.49,3.8,6.03,5.61,2.32,2.32,1.95,2.16,0.12,2.96,0.0444
63.7,61683.61,968.31,3.05,1.45,3.11,3.07,3.53,6.4,5.47,2.52,2.52,2.19,2.07,0.2,3.12,0.0128
100.51,99483.51,989.83,2.98,1.38,2.75,1.29,3.62,6.96,6.42,2.95,2.95,1.99,2.1,0.14,3.83,0.0166
103.98,90473.35,870.11,3.04,1.63,3.16,3.25,3.74,7.18,6.74,3.28,3.28,2.36,2.07,0.09,4.13,0.0107
95.71,91410.88,955.11,3.16,1.42,3.14,3.06,3.62,7.05,5.68,2.75,2.75,2.21,2.13,0.24,3.27,0.0533
74.51,82390.65,1105.81,2.96,1.29,3.18,1.26,3.73,5.27,5.07,1.58,1.58,1.63,2.14,0.09,2.44,0.1246
50.76,58268.83,1147.95,2.94,1.5,2.94,1.5,3.19,4.28,3.61,1.79,1.79,2.05,1.7,0.35,1.63,0.044
67.33,80788.57,1199.96,2.72,1.49,2.53,1.26,2.4,2.51,1.94,2.75,2.75,2.23,1.36,0.37,0.85,0.0577
94.23,104868.56,1112.92,3.1,1.71,2.41,1.54,3.18,3.48,3.74,0.0,0.0,2.27,1.55,0.21,1.57,0.0478
56.57,58126.69,1027.46,3.02,1.45,2.7,2.41,3.68,4.11,4.52,1.58,1.58,2.24,1.91,0.1,2.02,0.0305
55.29,58392.39,1056.17,3.01,1.38,3.01,1.57,3.47,5.46,4.51,2.0,2.0,1.85,1.89,0.14,2.12,0.0572
53.16,52999.64,996.91,3.19,1.52,3.48,3.26,3.74,5.66,5.68,2.0,2.0,1.87,2.05,0.23,3.0,0.0549
57.97,63324.13,1092.29,3.36,1.53,3.39,2.73,3.57,4.91,3.96,2.32,2.32,2.25,2.14,0.64,1.67,0.0179
55.61,61187.01,1100.24,3.2,1.38,3.47,2.81,3.82,5.41,5.12,2.0,2.0,2.25,2.19,0.25,2.59,0.0215
61.41,69254.44,1127.77,3.22,1.25,3.42,2.71,3.58,5.44,4.35,2.32,2.32,1.9,2.25,0.61,2.12,0.0163
61.51,60147.34,977.81,3.35,1.66,3.36,2.52,3.18,6.07,3.91,2.52,2.52,2.33,2.04,0.67,1.77,0.0259
64.76,66327.11,1024.22,3.52,1.64,3.54,2.9,3.17,5.47,4.76,2.81,2.81,2.28,2.23,0.63,2.33,0.036
64.61,73822.96,1142.59,3.24,1.55,3.21,3.2,3.48,4.45,3.77,2.32,2.32,2.16,1.94,0.51,1.68,0.0205
67.49,71144.16,1054.19,3.18,1.59,3.54,2.96,2.88,4.95,3.43,1.58,1.58,2.38,1.88,0.76,1.48,0.0181
65.02,72008.45,1107.43,3.43,1.39,3.42,2.21,3.84,5.68,4.9,0.0,0.0,2.05,2.33,0.57,2.33,0.0323
44.66,45774.85,1025.05,3.63,1.71,3.41,1.81,3.15,4.73,4.26,1.0,1.0,2.54,2.19,0.56,1.88,0.0429
54.77,57143.21,1043.3,3.3,1.54,3.27,1.91,3.31,5.49,4.33,2.0,2.0,2.35,2.11,0.62,2.03,0.0344
47.39,56013.13,1181.91,2.96,1.13,3.53,2.38,3.69,5.22,4.99,2.0,2.0,1.71,2.12,0.25,2.62,0.0417
59.7,64981.23,1088.49,3.25,1.29,3.52,2.47,3.29,5.56,4.1,1.0,1.0,2.24,2.19,0.65,1.96,0.049
64.4,72434.22,1124.76,3.01,1.22,3.18,2.62,3.49,5.73,4.83,2.0,2.0,1.79,2.09,0.45,2.56,0.0354
35.94,37135.22,1033.11,3.18,1.72,2.98,1.08,3.26,5.03,4.06,0.0,0.0,2.17,1.92,0.58,1.52,0.0236
40.58,47727.59,1176.18,3.0,1.05,3.52,1.92,3.83,4.79,3.64,1.58,1.58,1.64,2.16,0.69,1.62,0.0347
49.4,52733.08,1067.52,3.14,1.38,3.37,2.7,3.64,5.84,4.7,2.75,2.75,2.01,2.13,0.29,2.5,0.0381
62.03,65969.24,1063.53,2.94,1.46,3.19,2.26,3.6,6.1,5.63,1.92,1.92,1.87,2.0,0.23,2.7,0.0179
68.5,74000.79,1080.28,3.13,1.48,3.03,2.5,3.53,5.08,4.66,2.81,2.81,2.4,2.0,0.27,2.41,0.076
66.14,77266.85,1168.32,3.29,1.4,3.38,3.44,3.72,4.94,4.31,1.58,1.58,2.15,2.15,0.49,1.95,0.0696
56.18,62361.62,1110.0,3.16,1.27,3.45,2.75,3.84,5.34,4.9,2.25,2.25,2.11,2.2,0.36,2.63,0.0372
61.56,69339.28,1126.38,3.04,1.41,3.24,2.98,3.2,5.3,4.66,1.5,1.5,2.07,1.95,0.45,2.34,0.0091
63.91,62528.59,978.38,3.31,1.71,3.53,3.2,3.54,5.88,4.9,0.0,0.0,2.28,2.01,0.52,2.22,0.0506
63.18,67422.96,1067.23,3.19,1.45,3.56,2.93,3.74,5.47,4.94,1.5,1.5,2.03,2.11,0.38,2.52,0.0333
50.72,50904.14,1003.59,2.96,1.5,3.19,2.33,3.62,5.78,5.42,1.58,1.58,2.18,1.93,0.21,2.81,0.147
54.1,53776.45,993.95,3.23,1.57,3.52,3.55,3.63,5.65,5.63,1.58,1.58,2.38,2.09,0.14,3.0,0.0551
67.95,71701.29,1055.28,3.13,1.66,3.33,2.44,3.78,5.75,5.07,1.52,1.52,2.02,1.97,0.35,2.4,0.0467
60.45,59446.51,983.35,3.08,1.56,3.33,3.06,3.51,6.27,5.2,2.0,2.0,2.04,1.95,0.23,2.69,0.0501
66.68,67167.83,1007.25,3.09,1.51,3.22,2.78,3.69,6.07,5.28,2.58,2.58,2.37,2.01,0.29,2.72,0.029
70.17,64738.14,922.62,3.42,1.8,3.52,3.26,3.32,6.21,5.37,2.32,2.32,2.53,2.14,0.42,2.79,0.0609
68.59,64741.37,943.85,3.09,1.64,3.4,3.29,3.64,6.08,5.46,2.0,2.0,2.34,1.86,0.1,2.74,0.0585
60.83,59794.06,982.95,2.96,1.43,3.31,2.97,3.81,6.12,5.41,2.32,2.32,2.16,1.96,0.1,2.87,0.0361
68.71,67447.97,981.56,3.09,1.47,3.4,2.88,3.71,6.55,5.69,2.58,2.58,2.22,2.08,0.11,3.22,0.0267
63.77,60909.51,955.14,3.05,1.4,3.5,3.15,3.68,6.24,5.5,2.81,2.81,2.27,2.11,0.15,3.08,0.0299
68.73,65924.86,959.22,3.06,1.5,3.26,3.01,3.87,6.42,5.65,2.32,2.32,2.02,2.07,0.14,3.02,0.0262
48.15,54828.94,1138.76,2.84,1.17,3.3,2.27,3.79,5.55,5.04,2.25,2.25,1.73,2.03,0.14,2.61,0.0389
59.38,55203.76,929.61,2.97,1.53,3.14,2.88,3.35,6.35,5.49,1.92,1.92,2.27,1.95,0.16,2.9,0.055
62.69,65971.56,1052.34,2.92,1.3,3.2,2.76,3.74,6.03,5.59,2.81,2.81,1.74,2.09,0.12,3.19,0.0581
65.94,71178.97,1079.44,2.95,1.1,3.21,2.67,4.05,6.22,6.16,2.58,2.58,1.81,2.29,0.03,3.99,0.0314
73.19,80107.62,1094.44,2.82,1.17,3.29,2.6,3.67,6.15,5.44,1.5,1.5,1.77,2.02,0.17,2.79,0.0442
44.52,46808.65,1051.37,3.07,1.33,2.65,1.16,3.43,5.75,4.57,0.0,0.0,2.08,2.11,0.28,1.98,0.261
60.74,64523.93,1062.36,2.86,1.13,3.13,1.79,3.91,6.16,5.92,2.0,2.0,1.66,2.14,0.08,3.57,0.0944
65.38,69158.25,1057.75,2.98,1.18,3.28,3.0,3.9,6.12,5.8,2.58,2.58,1.89,2.22,0.09,3.37,0.0186
54.11,57686.9,1066.09,3.04,1.22,3.27,2.1,3.64,5.99,5.07,1.58,1.58,2.06,2.17,0.18,2.67,0.1096
62.36,62805.71,1007.2,2.98,1.42,3.12,2.75,3.59,6.39,5.29,1.92,1.92,2.01,1.98,0.22,2.89,0.1336
56.31,59681.97,1059.88,2.92,1.27,3.37,2.91,3.68,6.02,5.32,1.58,1.58,1.78,2.05,0.18,2.72,0.0477
61.38,64264.25,1047.02,2.94,1.26,3.43,2.84,3.8,6.07,6.0,2.0,2.0,2.05,2.2,0.04,3.4,0.0138
66.01,67220.68,1018.29,2.88,1.39,3.07,3.01,3.77,6.3,5.47,2.75,2.75,1.99,1.95,0.13,3.02,0.0163
85.68,83098.01,969.89,3.07,1.43,3.0,2.13,3.72,6.88,5.61,3.0,3.0,2.26,2.07,0.22,3.15,0.0239
96.33,100497.61,1043.28,3.02,1.28,3.04,2.17,3.79,6.82,6.22,2.75,2.75,1.93,2.19,0.12,3.82,0.0402
97.28,94272.28,969.1,3.0,1.41,3.3,2.72,3.55,6.95,5.4,3.58,3.58,2.32,1.99,0.27,3.08,0.0094
98.54,87804.68,891.04,3.06,1.55,2.84,2.19,3.71,6.82,6.08,2.32,2.32,2.53,2.07,0.15,3.46,0.0373
74.87,77132.07,1030.27,3.2,1.52,3.03,2.08,2.64,4.08,2.91,1.58,1.58,2.4,1.83,0.52,1.18,0.0764
51.71,49749.19,962.14,3.22,1.68,3.26,2.23,3.55,5.22,4.97,1.92,1.92,2.44,1.96,0.21,2.28,0.0365
54.33,55616.28,1023.62,2.95,1.49,2.99,2.56,3.38,5.6,4.44,1.58,1.58,2.04,1.79,0.08,1.93,0.0735
48.53,46716.23,962.63,3.13,1.58,3.2,2.79,3.56,5.37,5.71,2.0,2.0,2.01,1.95,0.12,3.0,0.0693
47.82,53538.98,1119.62,3.03,1.14,3.19,2.75,3.74,5.37,4.5,1.58,1.58,1.78,2.13,0.26,2.11,0.1327
53.55,59357.13,1108.34,2.96,1.3,3.19,2.93,3.71,5.47,5.26,2.58,2.58,2.08,2.04,0.0,2.71,0.0884
51.24,51214.2,999.49,3.04,1.53,3.26,2.7,2.98,5.96,4.82,1.0,1.0,2.17,1.94,0.23,2.21,0.008
65.86,68766.55,1044.19,3.12,1.44,3.0,2.14,3.65,5.42,5.17,2.52,2.52,1.97,1.99,0.25,2.61,0.0166
68.0,69355.11,1019.93,3.0,1.39,3.21,3.12,3.64,6.29,5.22,2.32,2.32,1.8,1.97,0.18,2.72,0.029
57.43,61274.71,1067.03,3.13,1.36,3.45,2.41,3.65,5.58,4.72,1.58,1.58,1.96,2.07,0.33,2.16,0.0349
53.65,54861.39,1022.49,3.47,1.63,3.33,2.55,3.03,5.46,4.22,1.58,1.58,2.39,2.2,0.66,1.95,0.0752
57.22,70221.23,1227.2,3.06,1.33,3.16,2.33,3.31,3.43,2.86,2.95,2.95,2.2,1.93,0.41,1.57,0.0706
63.88,70710.72,1107.0,3.1,1.32,2.93,2.37,3.54,5.76,5.17,2.32,2.32,2.04,2.11,0.4,2.64,0.0345
59.4,65408.41,1101.17,3.1,1.31,3.55,3.18,3.84,5.77,5.36,2.0,2.0,2.01,2.19,0.26,2.68,0.0629
52.88,57981.58,1096.46,3.0,1.26,3.5,2.5,3.17,5.82,4.66,1.58,1.58,1.9,2.09,0.43,2.29,0.1141
58.93,60306.92,1023.37,2.92,1.45,3.51,3.1,3.86,6.25,6.04,0.0,0.0,1.71,2.03,0.16,3.22,0.1191
49.43,51269.36,1037.13,3.18,1.42,3.43,2.46,3.81,5.81,4.83,1.58,1.58,1.94,2.14,0.52,2.41,0.0381
52.01,55179.92,1060.88,3.21,1.22,3.44,2.77,3.61,5.83,4.11,2.75,2.75,2.2,2.24,0.64,2.36,0.0609
58.41,65181.11,1115.84,2.96,1.07,3.1,2.21,3.61,5.45,5.37,2.58,2.58,2.0,2.19,0.07,3.16,0.0359
62.0,73231.63,1181.19,2.95,1.21,3.35,2.81,3.5,5.27,3.96,2.32,2.32,1.76,2.0,0.48,1.7,0.0206
65.24,73523.39,1126.97,3.07,1.52,3.39,3.27,3.79,5.58,5.14,1.0,1.0,1.87,1.98,0.3,2.25,0.0343
58.01,62006.62,1068.91,3.17,1.39,3.42,3.09,3.99,5.75,5.51,2.0,2.0,1.99,2.2,0.23,2.95,0.0408
48.28,51791.16,1072.79,3.01,1.28,3.46,2.39,3.56,5.69,5.03,2.58,2.58,2.12,2.13,0.25,2.8,0.0515
54.78,55857.43,1019.64,2.72,1.42,2.86,2.53,3.31,6.09,5.56,1.0,1.0,1.79,1.8,0.14,2.73,0.0504
55.67,58084.95,1043.42,3.06,1.24,3.56,3.21,3.82,6.05,5.56,2.0,2.0,1.92,2.19,0.19,3.17,0.0782
67.54,71446.51,1057.79,3.06,1.44,3.32,2.54,3.81,5.81,6.0,1.92,1.92,1.91,2.07,0.13,3.16,0.0521
46.61,44630.56,957.55,3.26,1.42,3.27,1.91,3.49,5.62,5.32,2.0,2.0,2.43,2.19,0.28,2.91,0.1165
56.4,54715.98,970.13,3.3,1.73,3.53,2.98,3.65,5.65,5.72,1.0,1.0,2.04,2.09,0.26,2.69,0.0674
60.88,61460.48,1009.52,3.22,1.55,3.3,2.84,3.7,5.77,4.34,2.95,2.95,2.36,2.06,0.42,2.09,0.0107
64.79,63344.57,977.64,3.11,1.52,3.03,2.96,3.31,6.27,4.93,2.0,2.0,2.27,1.99,0.3,2.34,0.0358
66.48,58547.93,880.71,3.28,1.73,3.2,3.57,3.5,6.38,5.26,2.81,2.81,2.59,2.04,0.31,2.59,0.0267
65.71,62910.23,957.36,3.48,1.92,3.37,2.85,3.3,5.4,4.54,1.92,1.92,2.86,1.97,0.6,2.1,0.1
63.89,62427.64,977.19,3.16,1.49,3.47,2.94,3.47,6.34,4.88,1.58,1.58,2.24,2.02,0.24,2.42,0.0166
65.78,68200.93,1036.85,3.03,1.32,3.01,2.63,3.83,6.12,5.02,2.32,2.32,2.05,2.06,0.18,2.53,0.0467
69.59,70242.4,1009.44,2.88,1.36,3.24,3.16,3.71,6.39,5.4,2.5,2.5,2.15,1.93,0.06,3.01,0.0272
72.28,75021.97,1037.94,2.96,1.33,2.9,2.97,3.63,6.39,5.52,3.0,3.0,1.86,2.04,0.14,3.13,0.0487
64.71,64142.03,991.25,3.08,1.43,2.71,2.39,3.47,6.29,5.06,2.58,2.58,2.37,2.08,0.28,2.81,0.0208
57.27,56293.0,983.02,2.95,1.35,3.11,2.65,3.71,6.21,5.59,2.32,2.32,2.13,2.05,0.12,3.15,0.0305
71.93,71601.57,995.42,2.87,1.36,2.8,1.95,3.77,6.32,6.06,3.0,3.0,2.05,2.04,0.1,3.55,0.0319
68.53,69671.04,1016.66,3.06,1.42,2.7,2.92,3.92,6.28,6.0,2.52,2.52,2.09,2.2,0.09,3.48,0.0299
80.22,83257.69,1037.82,2.96,1.15,3.12,1.98,3.67,6.63,6.03,1.58,1.58,1.72,2.16,0.14,3.66,0.0648
60.21,62934.41,1045.33,3.01,1.31,3.0,1.45,3.81,6.1,5.45,2.58,2.58,1.79,2.13,0.16,3.13,0.0557
44.58,46839.19,1050.65,3.01,1.18,3.34,1.99,4.06,5.75,5.67,1.5,1.5,1.97,2.28,0.05,3.39,0.0939
61.87,62984.29,1018.0,2.93,1.28,3.13,2.05,3.73,6.2,6.13,2.25,2.25,1.93,2.16,0.04,3.7,0.0864
74.38,78534.69,1055.91,3.0,1.33,2.99,2.53,3.57,6.36,5.58,2.81,2.81,2.1,2.11,0.09,3.09,0.0713
62.73,64352.8,1025.94,3.04,1.32,3.01,2.03,3.59,6.18,5.01,2.58,2.58,2.03,2.1,0.25,2.77,0.0952
64.77,69111.99,1067.05,2.87,1.24,3.39,2.84,3.54,6.2,5.76,1.58,1.58,1.59,2.07,0.14,3.1,0.0291
59.58,63254.3,1061.62,2.92,1.21,2.92,2.76,3.66,6.07,5.9,2.0,2.0,1.94,2.18,0.06,3.33,0.1218
60.35,66288.13,1098.39,2.63,1.25,2.5,3.33,3.59,6.0,5.77,2.25,2.25,1.56,1.85,0.0,3.24,0.0649
57.98,60518.98,1043.84,3.04,1.24,3.08,2.93,3.67,6.17,4.72,2.0,2.0,2.07,2.1,0.29,2.43,0.0416
64.17,68379.44,1065.64,2.78,1.26,2.75,2.69,3.61,6.16,4.96,2.58,2.58,2.03,1.86,0.11,2.63,0.0515
72.58,75435.15,1039.38,2.92,1.27,2.9,2.54,3.91,6.25,5.96,2.81,2.81,1.95,2.13,0.07,3.54,0.0499
65.64,67367.6,1026.26,2.94,1.27,2.98,2.62,3.76,6.3,5.54,2.52,2.52,1.88,2.06,0.14,3.1,0.0988
68.44,69473.94,1015.18,3.01,1.39,2.94,3.07,3.36,6.39,4.8,2.32,2.32,2.14,2.0,0.18,2.34,0.0498
74.85,82860.95,1107.0,2.72,1.18,2.67,2.15,3.86,6.32,5.91,2.25,2.25,1.77,1.96,0.12,3.32,0.0382
60.46,55046.8,910.53,3.12,1.52,2.34,1.67,3.71,6.39,5.35,3.0,3.0,2.38,2.08,0.2,2.95,0.0213
71.94,63945.84,888.87,3.02,1.64,2.85,2.57,3.74,6.74,5.75,2.58,2.58,2.36,1.96,0.2,3.14,0.0648
53.67,51551.96,960.55,2.98,1.46,2.94,2.37,3.52,6.21,5.41,0.0,0.0,2.11,1.98,0.18,2.79,0.0724
59.51,50633.16,850.79,3.02,1.55,3.22,3.21,3.45,6.55,5.61,3.0,3.0,2.45,1.96,0.09,3.3,0.0722
74.0,68060.79,919.79,2.96,1.48,3.29,2.02,3.7,6.58,5.97,2.0,2.0,2.15,2.01,0.15,3.27,0.0723
75.65,71456.33,944.51,2.94,1.41,3.13,3.15,3.44,6.77,5.65,1.0,1.0,2.14,1.95,0.17,3.14,0.0132
68.47,76897.33,1123.13,2.78,1.1,3.32,3.18,3.47,6.04,4.38,2.0,2.0,1.75,1.94,0.31,2.04,0.0431
61.87,56742.22,917.18,2.94,1.49,2.74,2.35,3.8,6.36,5.7,2.58,2.58,2.31,1.97,0.13,3.3,0.0828
64.54,62920.46,974.94,2.97,1.46,2.61,3.14,3.8,6.44,5.45,2.0,2.0,2.16,1.99,0.16,2.87,0.0276
77.54,79082.59,1019.9,3.02,1.24,3.14,1.72,3.52,6.57,5.33,2.81,2.81,2.12,2.12,0.24,3.07,0.046
65.71,65691.34,999.78,2.74,1.22,3.04,2.36,3.84,6.27,6.17,3.42,3.42,2.12,2.0,0.04,3.97,0.026
72.46,66374.63,915.97,3.03,1.58,3.11,3.12,3.62,6.66,6.01,2.32,2.32,2.27,2.04,0.12,3.34,0.0759
60.36,57104.33,946.0,3.01,1.37,3.28,2.71,3.68,6.39,5.85,2.32,2.32,2.19,2.11,0.12,3.42,0.0522
60.54,59768.82,987.28,2.95,1.34,3.37,3.11,3.53,6.28,5.33,2.58,2.58,2.19,2.01,0.14,2.99,0.1179
94.52,93314.05,987.27,2.91,1.35,2.75,1.59,3.69,6.91,5.71,2.85,2.85,2.06,1.96,0.22,3.31,0.0321
89.05,81523.11,915.47,3.0,1.51,3.18,2.69,3.73,6.85,6.11,3.28,3.28,2.3,2.03,0.13,3.61,0.0408
95.92,92602.17,965.37,3.0,1.43,3.2,2.54,3.79,6.95,6.05,3.55,3.55,2.37,2.05,0.13,3.63,0.0354
107.68,85607.14,795.03,2.63,1.43,2.58,0.66,2.1,5.43,2.44,0.0,0.0,1.95,1.38,0.0,0.87,0.0708
60.6,61648.96,1017.34,3.19,1.61,3.18,1.62,3.51,5.43,5.35,2.52,2.52,2.13,2.03,0.15,2.61,0.0115
34.93,36254.07,1037.97,2.89,1.32,3.42,1.65,3.14,5.55,4.31,1.0,1.0,1.91,1.87,0.11,1.89,0.0164
56.27,56793.19,1009.3,3.19,1.52,3.43,2.03,3.49,5.6,4.8,2.52,2.52,2.12,2.0,0.21,2.36,0.1065
36.85,38796.53,1052.9,2.9,1.28,3.13,1.65,3.48,5.39,4.42,1.58,1.58,1.99,1.88,0.27,2.19,0.0571
47.0,43361.33,922.49,3.01,1.58,3.26,2.92,3.1,5.97,4.69,1.0,1.0,2.0,1.82,0.2,2.19,0.0336
64.72,71521.04,1105.16,2.98,1.19,3.22,1.83,3.9,5.64,5.55,2.0,2.0,1.74,2.12,0.12,2.96,0.0771
65.17,75771.35,1162.64,3.03,1.13,3.54,3.25,3.53,5.75,4.53,2.75,2.75,1.83,2.16,0.39,2.38,0.0696
54.72,60737.74,1109.92,3.21,1.42,3.02,1.83,3.24,5.35,5.13,2.24,2.24,2.04,2.16,0.26,2.67,0.0461
53.16,60115.75,1130.82,3.38,1.33,3.62,2.52,3.43,4.74,3.84,2.58,2.58,2.19,2.27,0.45,1.9,0.0319
63.22,71335.55,1128.44,3.27,1.68,3.44,2.39,3.26,3.78,3.52,2.81,2.81,2.47,1.87,0.33,1.59,0.056
60.3,67237.12,1115.07,2.83,1.18,2.75,1.79,3.14,5.9,4.78,1.58,1.58,1.73,1.98,0.24,2.36,0.0303
63.35,67450.23,1064.78,2.94,1.42,3.41,3.3,3.66,6.11,5.69,1.0,1.0,1.96,2.02,0.23,3.0,0.024
61.87,65461.71,1058.04,3.09,1.31,3.1,3.19,3.76,6.06,4.99,2.25,2.25,2.0,2.15,0.34,2.77,0.0179
64.4,69919.47,1085.63,2.94,1.17,3.26,2.79,3.64,6.0,5.66,2.95,2.95,1.89,2.17,0.18,3.23,0.0138
57.81,66488.42,1150.06,2.92,1.08,3.42,2.79,3.67,5.67,4.84,2.0,2.0,1.62,2.11,0.32,2.41,0.084
68.24,75962.41,1113.14,3.02,1.21,3.19,2.49,3.96,6.03,5.3,2.0,2.0,1.89,2.15,0.39,2.83,0.0639
57.46,63210.19,1100.0,2.97,1.2,3.03,2.7,3.91,5.87,5.63,2.52,2.52,1.6,2.19,0.11,3.31,0.1171
61.52,71935.13,1169.22,2.83,1.02,3.3,2.78,3.61,5.68,4.52,1.58,1.58,1.84,2.05,0.4,2.42,0.0726
66.42,72527.71,1092.03,2.7,1.15,3.05,3.03,3.38,6.0,5.65,2.32,2.32,1.73,1.95,0.11,3.11,0.0297
60.67,63077.44,1039.69,3.13,1.34,3.42,2.32,3.76,6.29,5.43,1.58,1.58,2.19,2.16,0.33,2.91,0.0571
52.37,52313.2,998.89,3.16,1.39,3.3,2.69,3.86,5.96,5.69,2.75,2.75,1.81,2.25,0.22,3.34,0.0581
62.87,66102.27,1051.47,3.0,1.35,2.97,2.36,3.64,5.96,5.88,2.75,2.75,2.1,2.07,0.14,3.36,0.0816
55.51,55979.72,1008.4,2.87,1.45,2.8,2.67,3.5,5.76,5.51,1.58,1.58,1.97,1.86,0.06,2.68,0.0323
70.36,71896.91,1021.9,3.12,1.45,3.51,2.29,3.83,6.26,5.68,2.81,2.81,2.18,2.13,0.19,3.02,0.0954
69.3,69391.07,1001.37,3.15,1.59,3.32,2.77,3.47,5.79,4.29,2.0,2.0,2.34,1.85,0.43,1.89,0.056
59.45,62606.38,1053.09,3.05,1.29,3.31,2.57,3.43,5.97,5.29,2.32,2.32,2.03,2.13,0.22,2.75,0.0483
69.07,72644.71,1051.79,3.1,1.3,3.21,2.31,3.47,6.22,5.15,2.81,2.81,2.1,2.11,0.28,2.84,0.0538
62.88,62676.48,996.78,3.13,1.56,3.3,2.94,3.62,5.88,5.64,3.28,3.28,2.09,2.01,0.05,3.06,0.0139
51.64,51815.24,1003.32,3.01,1.53,3.13,2.52,3.62,5.46,5.53,2.32,2.32,2.04,1.88,0.07,2.84,0.0575
56.23,57416.5,1021.06,2.87,1.33,3.09,2.63,3.67,5.79,5.0,2.0,2.0,1.89,1.94,0.0,2.49,0.0364
57.45,55477.71,965.69,3.21,1.51,3.45,3.46,3.63,6.26,5.41,2.75,2.75,2.31,2.14,0.22,3.0,0.0688
69.14,66882.81,967.3,3.0,1.45,2.77,2.11,3.62,6.53,5.69,2.32,2.32,2.21,2.01,0.18,3.12,0.0485
47.09,49040.55,1041.34,2.99,1.19,2.98,1.93,3.53,5.76,4.95,1.58,1.58,1.89,2.14,0.13,2.73,0.0374
59.56,61444.32,1031.7,3.04,1.38,3.21,2.13,3.93,6.17,5.52,2.81,2.81,1.92,2.13,0.17,3.03,0.088
68.07,69180.39,1016.31,3.1,1.39,3.37,2.63,3.74,6.37,5.3,2.95,2.95,2.26,2.13,0.22,3.06,0.0228
69.95,70884.37,1013.39,2.95,1.39,3.41,3.31,3.46,6.49,5.6,2.81,2.81,2.05,2.01,0.12,3.14,0.0548
75.68,77846.28,1028.59,2.98,1.28,3.32,2.46,3.95,6.39,6.22,2.32,2.32,2.02,2.21,0.06,3.7,0.0551
56.0,57123.01,1019.97,2.81,1.27,3.1,1.29,3.83,6.07,5.86,1.0,1.0,1.61,2.01,0.07,3.28,0.0486
65.95,68720.92,1042.03,3.05,1.34,3.38,2.58,3.6,6.21,5.09,2.81,2.81,2.17,2.12,0.24,2.65,0.0413
66.6,66124.15,992.92,2.99,1.36,3.46,3.21,3.93,6.52,6.11,2.13,2.13,1.74,2.13,0.11,3.57,0.0389
62.88,69306.56,1102.12,2.9,1.18,3.18,3.24,3.83,5.93,5.51,1.5,1.5,1.53,2.11,0.13,2.97,0.01
72.93,78491.9,1076.31,2.93,1.12,2.57,2.3,3.89,6.02,5.47,3.0,3.0,2.06,2.16,0.14,3.39,0.0658
64.54,64759.9,1003.33,2.97,1.44,2.77,2.27,3.51,6.32,5.32,2.75,2.75,2.14,2.0,0.21,2.95,0.0335
62.63,66346.55,1059.28,2.86,1.17,3.26,2.87,3.75,6.18,6.12,0.92,0.92,1.63,2.16,0.03,3.55,0.0421
68.37,70692.79,1034.01,2.98,1.24,2.64,2.76,3.88,6.36,6.26,2.0,2.0,1.96,2.23,0.04,3.79,0.022
65.03,65110.63,1001.31,2.95,1.42,2.91,2.87,3.62,6.39,5.82,2.52,2.52,1.88,2.03,0.13,3.25,0.0138
72.77,70713.66,971.8,3.07,1.47,3.26,2.73,3.58,6.71,5.13,2.52,2.52,2.23,2.0,0.26,2.69,0.0484
61.87,61796.19,998.86,3.05,1.37,2.8,2.75,3.76,6.4,5.47,2.32,2.32,2.25,2.07,0.13,3.01,0.1678
61.05,61674.91,1010.27,2.95,1.39,3.03,3.01,3.66,6.21,5.89,2.32,2.32,1.89,2.09,0.06,3.32,0.1083
65.43,64261.5,982.14,2.93,1.46,3.26,3.09,3.62,6.4,5.42,3.17,3.17,1.94,1.94,0.12,2.96,0.026
59.73,64497.73,1079.84,3.0,1.13,3.27,3.21,3.62,5.98,4.7,2.58,2.58,2.02,2.15,0.23,2.7,0.0565
50.73,53831.54,1061.09,2.71,1.2,2.95,2.33,3.75,5.94,5.56,1.0,1.0,1.68,1.92,0.1,2.97,0.074
60.55,59196.08,977.64,3.07,1.31,3.02,2.42,3.57,6.26,4.84,1.92,1.92,2.2,2.1,0.25,2.61,0.0606
65.09,64010.65,983.44,2.94,1.23,2.91,2.51,3.99,6.33,6.05,3.17,3.17,2.15,2.15,0.08,3.81,0.0492
58.21,55927.6,960.85,3.05,1.58,2.86,2.34,3.66,6.3,5.47,2.0,2.0,2.15,2.02,0.17,2.81,0.0412
70.2,79697.18,1135.26,2.68,1.1,2.61,1.95,3.59,6.13,5.74,0.0,0.0,1.59,1.95,0.06,3.11,0.0215
65.82,60506.69,919.23,3.05,1.55,2.69,2.41,3.57,6.64,5.81,2.75,2.75,2.35,2.02,0.11,3.4,0.0202
69.37,70275.81,1013.03,2.82,1.36,3.17,2.67,3.81,6.39,6.12,2.52,2.52,1.96,1.98,0.08,3.57,0.0731
74.87,73638.22,983.61,2.94,1.41,3.07,3.06,3.65,6.52,5.48,1.58,1.58,2.01,1.98,0.12,2.85,0.0756
64.96,62947.91,968.96,2.87,1.33,3.11,2.66,3.76,6.31,5.92,3.17,3.17,2.07,2.02,0.1,3.52,0.0298
68.44,54642.1,798.45,3.06,1.81,3.03,2.63,3.57,6.88,5.6,2.81,2.81,2.38,1.87,0.2,3.04,0.0442
69.41,70677.24,1018.25,3.01,1.17,2.54,2.28,3.44,6.48,4.46,2.13,2.13,2.24,2.06,0.33,2.61,0.0628
58.95,52189.6,885.38,2.92,1.49,3.11,2.62,3.75,6.45,6.18,2.95,2.95,2.44,2.02,0.08,3.72,0.0658
52.94,54046.35,1020.83,2.98,1.27,2.93,3.24,3.7,5.91,5.4,2.58,2.58,1.94,2.15,0.14,2.95,0.146
57.76,56587.17,979.66,2.7,1.29,2.85,2.82,3.74,6.17,6.07,2.75,2.75,1.95,1.93,0.04,3.71,0.0434
74.85,69304.06,925.92,3.07,1.55,3.27,2.36,3.58,6.73,5.55,2.32,2.32,2.39,2.0,0.21,3.11,0.0733
67.84,64759.78,954.59,2.87,1.33,3.15,3.25,3.65,6.5,5.5,2.95,2.95,2.18,1.94,0.2,3.19,0.045
46.45,50491.46,1086.96,2.79,0.97,2.75,2.05,4.06,5.55,5.51,2.32,2.32,1.8,2.18,0.04,3.39,0.1448
57.57,60909.31,1057.98,2.77,1.25,2.69,2.41,3.69,6.01,5.65,2.41,2.41,1.8,1.96,0.09,3.22,0.0496
76.03,77939.48,1025.07,2.96,1.27,2.91,2.15,3.63,6.46,5.41,2.81,2.81,2.21,2.08,0.22,3.09,0.0938
73.57,68080.42,925.39,2.91,1.53,2.84,2.55,3.71,6.63,4.89,2.81,2.81,2.24,1.81,0.06,2.52,0.0574
69.98,62551.85,893.9,3.06,1.55,2.83,3.19,3.61,6.68,5.27,2.32,2.32,2.3,1.97,0.26,2.78,0.0848
62.23,62739.96,1008.24,3.0,1.33,3.48,3.1,3.76,6.12,5.17,2.25,2.25,2.07,2.07,0.17,2.87,0.0542
71.18,62106.72,872.51,3.08,1.61,3.03,3.2,3.68,6.79,5.68,2.32,2.32,2.16,1.99,0.21,3.07,0.0593
64.71,68339.58,1056.12,2.84,1.16,3.07,2.86,3.83,6.18,5.6,2.75,2.75,1.96,2.04,0.1,3.4,0.0229
58.7,57611.7,981.49,3.01,1.52,2.95,2.23,3.52,6.22,5.16,2.32,2.32,1.99,2.0,0.2,2.53,0.1162
54.65,49994.52,914.88,3.21,1.42,3.03,3.06,3.56,6.21,5.27,3.0,3.0,2.57,2.23,0.19,3.06,0.0512
67.61,61604.41,911.18,2.84,1.46,2.83,2.54,3.9,6.53,6.37,2.0,2.0,1.98,1.99,0.05,3.67,0.0437
62.23,54377.75,873.82,3.07,1.53,3.27,2.74,3.6,6.6,5.08,2.58,2.58,2.41,1.97,0.28,2.73,0.0519
56.84,63574.84,1118.42,2.89,1.11,3.35,2.64,3.96,5.93,5.46,3.0,3.0,1.84,2.14,0.1,3.25,0.0734
63.27,62414.97,986.53,3.04,1.37,3.37,3.18,3.64,6.29,5.65,2.32,2.32,1.97,2.14,0.17,3.12,0.0438
59.09,58357.2,987.58,3.02,1.32,3.56,3.09,3.98,6.28,5.88,2.0,2.0,1.86,2.18,0.1,3.32,0.117
69.53,63905.37,919.14,3.11,1.54,3.37,2.78,3.7,6.65,5.73,2.58,2.58,2.33,2.09,0.19,3.16,0.0372
73.13,78146.42,1068.62,3.01,1.08,3.03,2.16,3.68,6.36,5.67,2.81,2.81,1.93,2.25,0.16,3.51,0.033
59.82,52953.63,885.25,2.99,1.61,3.0,1.92,3.67,6.54,6.29,2.0,2.0,1.81,2.05,0.08,3.48,0.0781
62.24,54343.42,873.14,3.1,1.53,3.13,2.56,3.35,6.6,5.0,2.52,2.52,2.52,2.01,0.24,2.8,0.0441
69.41,65467.81,943.15,3.02,1.62,3.14,2.58,3.74,6.56,6.03,2.32,2.32,2.01,2.04,0.12,3.17,0.0182
81.58,74094.16,908.21,3.14,1.53,3.11,2.15,3.89,6.86,6.04,2.81,2.81,2.21,2.15,0.17,3.44,0.0626
69.23,63081.96,911.19,2.92,1.39,3.11,2.58,3.87,6.69,6.54,2.32,2.32,2.14,2.1,0.05,4.12,0.0634
57.48,55651.47,968.13,2.87,1.5,3.11,2.05,3.81,6.25,5.81,2.81,2.81,2.07,1.94,0.09,3.07,0.0266
74.2,69309.37,934.14,3.1,1.47,3.29,1.9,3.8,6.62,6.13,2.58,2.58,2.06,2.19,0.12,3.54,0.0732
64.89,50562.76,779.22,3.13,1.68,3.18,2.28,3.48,6.78,5.95,2.32,2.32,2.42,2.04,0.17,3.42,0.0323
68.39,69102.94,1010.44,2.91,1.36,3.06,2.7,3.96,6.48,5.78,2.0,2.0,1.97,2.01,0.14,3.15,0.0475
77.2,66462.53,860.96,3.25,1.68,3.34,2.58,3.75,6.96,5.43,1.58,1.58,2.49,2.1,0.26,2.81,0.0564
50.0,51944.1,1038.96,2.89,1.05,3.22,2.15,3.85,5.86,5.72,1.58,1.58,1.96,2.21,0.05,3.39,0.0795
64.34,57656.52,896.14,3.07,1.6,3.24,2.37,3.24,6.61,4.8,1.0,1.0,1.98,1.92,0.33,2.32,0.142
64.62,59910.02,927.05,3.14,1.49,3.41,2.97,3.63,6.53,5.65,2.32,2.32,2.02,2.15,0.18,3.14,0.0215
62.1,62304.24,1003.26,3.07,1.42,3.36,3.2,3.79,6.39,5.09,2.0,2.0,2.01,2.07,0.26,2.6,0.0457
57.12,51557.52,902.69,2.98,1.52,3.16,2.79,3.77,6.45,5.73,1.0,1.0,2.38,1.99,0.1,3.12,0.0362
59.58,51133.48,858.17,3.17,1.59,3.07,2.43,3.39,6.62,4.64,2.32,2.32,2.18,1.98,0.27,2.35,0.0679
66.67,63994.26,959.87,3.18,1.39,3.16,2.23,3.9,6.52,5.74,2.0,2.0,1.97,2.25,0.17,3.21,0.0704
58.47,52548.54,898.71,3.12,1.66,3.33,2.04,3.53,6.5,5.37,1.58,1.58,2.24,2.02,0.18,2.7,0.0911
62.8,61234.53,975.14,3.09,1.34,3.29,2.81,3.65,6.48,4.81,1.0,1.0,1.84,2.08,0.3,2.51,0.0074
73.45,71481.84,973.24,3.0,1.44,3.14,2.58,3.8,6.69,6.28,0.0,0.0,1.92,2.11,0.05,3.47,0.0786
63.63,54328.45,853.81,3.15,1.63,3.25,1.96,3.45,6.82,4.71,1.0,1.0,2.26,1.95,0.33,2.31,0.0524
64.58,63703.08,986.45,3.01,1.45,3.15,2.36,3.66,6.45,5.68,2.32,2.32,1.78,2.06,0.18,3.01,0.0165
66.43,55457.41,834.84,3.18,1.75,3.32,2.88,3.33,6.75,5.76,1.58,1.58,2.22,2.05,0.2,3.0,0.0684
58.02,58240.07,1003.74,2.99,1.36,3.32,3.13,3.82,6.28,5.6,2.25,2.25,1.97,2.08,0.16,3.25,0.0979
64.55,56525.41,875.67,3.1,1.62,3.13,2.74,3.62,6.73,5.34,0.0,0.0,1.96,1.97,0.25,2.75,0.0373
50.3,41607.16,827.25,3.25,1.64,3.24,2.65,3.51,6.29,5.27,2.81,2.81,2.5,2.14,0.18,2.93,0.1938
46.41,42614.69,918.28,3.25,1.56,3.4,3.11,3.52,6.23,5.2,1.0,1.0,2.02,2.18,0.2,2.69,0.0578
65.78,62286.07,946.92,2.96,1.46,2.99,1.89,3.71,6.62,6.38,2.58,2.58,1.93,2.08,0.08,3.82,0.1047
57.91,50933.04,879.48,3.18,1.67,2.93,2.49,3.57,6.56,6.01,2.32,2.32,1.94,2.14,0.08,3.35,0.0569
67.1,56004.9,834.59,3.2,1.72,3.39,2.66,3.57,6.77,5.81,1.58,1.58,2.34,2.08,0.2,3.19,0.0347
67.52,62153.7,920.58,3.07,1.52,3.22,3.09,3.67,6.67,5.93,2.32,2.32,2.11,2.07,0.15,3.38,0.0456
55.33,51327.12,927.57,3.23,1.45,3.1,2.16,3.79,6.41,5.75,2.32,2.32,1.92,2.27,0.09,3.34,0.062
64.52,58300.51,903.56,3.08,1.55,3.1,2.62,3.63,6.67,4.98,1.58,1.58,2.01,1.96,0.28,2.54,0.0795
60.53,47203.97,779.85,3.13,1.88,3.21,2.94,3.54,6.66,6.04,1.58,1.58,2.3,2.0,0.13,3.18,0.2042
62.31,58153.09,933.25,3.05,1.42,3.26,2.8,3.42,6.44,5.24,2.81,2.81,1.98,2.04,0.24,2.93,0.073
68.98,63080.84,914.44,3.17,1.51,3.41,2.73,3.66,6.55,5.9,2.81,2.81,2.48,2.2,0.12,3.44,0.0316
55.62,40392.19,726.25,3.22,1.89,2.98,1.68,3.25,6.7,5.33,2.0,2.0,2.4,1.95,0.2,2.79,0.0635
67.07,66187.03,986.77,2.91,1.44,3.01,2.14,3.75,6.46,5.56,2.0,2.0,1.85,1.94,0.19,2.96,0.03
72.72,67754.48,931.66,3.2,1.41,3.37,2.86,3.74,6.74,5.39,2.81,2.81,2.15,2.2,0.22,3.08,0.0553
67.5,59735.52,884.94,2.99,1.65,3.21,2.8,3.71,6.58,5.97,2.81,2.81,2.3,1.97,0.14,3.3,0.0512
74.45,65099.49,874.43,3.14,1.54,3.5,2.69,3.76,6.78,5.88,3.0,3.0,2.34,2.12,0.17,3.44,0.0427
50.2,46762.55,931.46,2.98,1.58,3.2,1.93,3.67,6.19,5.67,1.0,1.0,1.94,2.0,0.06,2.87,0.0611
59.61,57573.89,965.82,2.86,1.49,2.98,2.5,3.72,6.27,5.12,2.81,2.81,2.0,1.83,0.21,2.68,0.0311
108.69,92019.77,846.66,3.19,1.63,3.25,1.83,3.67,7.38,6.28,3.17,3.17,2.32,2.11,0.2,3.76,0.0084
81.51,69699.42,855.11,3.13,1.58,3.12,1.94,3.6,7.0,5.81,3.0,3.0,2.44,2.05,0.18,3.42,0.0384
95.57,84779.23,887.06,3.07,1.57,3.21,2.32,3.77,7.02,6.38,3.12,3.12,2.2,2.09,0.13,3.78,0.0146
57.18,55907.81,977.73,3.05,1.36,3.01,1.76,3.47,6.18,5.24,2.0,2.0,1.85,2.1,0.21,2.79,0.0911
47.23,45590.88,965.2,3.21,1.62,3.02,2.3,3.43,5.49,5.04,1.92,1.92,2.41,2.0,0.22,2.4,0.0438
58.94,59831.94,1015.12,2.93,1.45,3.02,2.66,3.52,6.03,4.95,1.58,1.58,2.03,1.83,0.12,2.35,0.0205
58.65,54053.43,921.7,2.98,1.66,2.93,2.75,3.14,4.82,6.13,2.0,2.0,2.16,1.73,0.09,3.39,0.0107
48.59,49505.37,1018.91,3.18,1.38,3.15,2.65,3.48,5.76,5.61,1.0,1.0,1.97,2.21,0.13,2.91,0.0575
69.69,77505.33,1112.18,2.97,1.11,2.93,1.73,3.57,5.78,4.72,2.75,2.75,1.88,2.1,0.24,2.63,0.0778
70.22,68788.87,979.59,3.14,1.54,3.24,2.79,3.44,6.04,4.62,2.75,2.75,2.3,1.91,0.19,2.34,0.0537
46.91,53431.17,1139.11,2.8,1.11,3.12,2.06,3.66,5.62,4.83,2.0,2.0,1.64,1.98,0.2,2.49,0.0952
66.03,60006.62,908.81,3.01,1.6,3.2,2.68,3.22,6.25,4.8,2.0,2.0,2.28,1.8,0.27,2.37,0.1503
41.33,44138.52,1067.93,2.91,1.33,3.01,2.22,3.74,5.52,5.52,0.0,0.0,1.85,2.08,0.04,2.83,0.0832
59.91,68262.85,1139.48,2.94,1.17,3.02,1.78,3.49,5.59,4.52,2.25,2.25,1.84,2.04,0.28,2.25,0.1146
67.14,76261.18,1135.78,2.83,1.13,3.41,2.54,3.62,5.96,5.75,2.75,2.75,1.77,2.09,0.11,3.26,0.064
62.66,65275.73,1041.67,2.98,1.25,3.36,2.4,2.95,6.12,4.42,1.58,1.58,2.02,2.01,0.36,2.25,0.0756
69.77,75696.79,1084.89,2.86,1.23,3.29,2.53,3.52,6.28,5.73,0.0,0.0,1.62,2.03,0.17,3.05,0.0465
65.47,74436.22,1137.0,2.96,1.07,2.98,3.19,3.95,5.84,5.3,2.25,2.25,1.67,2.21,0.21,2.99,0.082
67.63,75875.32,1121.88,2.88,1.11,3.19,3.24,3.66,6.06,4.95,2.92,2.92,1.82,2.08,0.22,2.81,0.0372
62.22,66178.53,1063.58,2.73,1.19,3.07,2.45,2.87,6.09,5.15,2.58,2.58,1.82,1.9,0.12,2.68,0.0159
57.66,62301.67,1080.43,2.94,1.15,3.33,3.04,3.58,6.0,5.65,0.0,0.0,1.95,2.18,0.09,3.19,0.0654
54.94,61628.97,1121.72,2.74,1.17,3.34,3.28,3.78,5.88,5.76,1.58,1.58,1.45,1.99,0.09,3.06,0.0631
54.43,57326.88,1053.29,3.0,1.27,3.11,3.16,3.86,6.02,5.58,2.52,2.52,1.74,2.17,0.12,3.22,0.0725
44.45,51703.75,1163.23,2.76,0.95,2.92,1.89,3.65,5.36,4.77,2.32,2.32,1.71,2.03,0.14,2.69,0.1082
53.15,57438.19,1080.61,2.61,1.05,3.03,2.22,3.01,5.82,5.56,2.32,2.32,1.72,1.92,0.06,3.36,0.0352
62.73,69034.98,1100.47,2.78,1.19,3.26,2.44,3.74,6.06,5.87,1.58,1.58,1.72,2.01,0.07,3.37,0.0172
75.07,83290.89,1109.56,2.79,1.19,3.25,2.54,3.82,6.19,5.91,2.0,2.0,1.57,2.01,0.08,3.24,0.0783
65.55,70557.17,1076.39,2.9,1.25,2.93,2.56,3.79,5.63,6.22,2.75,2.75,1.85,2.03,0.05,3.75,0.0587
63.23,69295.46,1095.98,2.79,1.14,3.26,3.18,3.37,5.96,5.61,2.32,2.32,1.77,1.99,0.06,3.0,0.06
61.06,64721.42,1059.9,2.87,1.32,3.5,2.96,3.52,5.71,5.65,2.32,2.32,1.93,1.97,0.08,2.86,0.0258
62.13,69037.28,1111.11,2.93,1.33,3.54,3.5,3.74,5.48,5.82,1.5,1.5,1.66,1.98,0.09,3.04,0.0106
77.32,80938.2,1046.77,3.09,1.41,3.23,2.63,3.89,6.26,5.47,3.02,3.02,2.03,2.08,0.12,3.03,0.0649
62.24,67433.34,1083.35,2.88,1.23,3.12,2.38,3.6,6.1,5.34,1.0,1.0,1.77,2.01,0.0,2.59,0.0239
72.3,72757.45,1006.31,2.93,1.53,3.13,3.14,3.55,6.32,5.4,1.58,1.58,2.08,1.86,0.06,2.68,0.0274
62.12,56720.61,913.06,3.24,1.71,3.11,2.59,3.59,6.02,5.35,2.25,2.25,2.39,1.96,0.21,2.73,0.045
